term	cat
preschool	EARLY CHILDHOOD EDUCATION
pre school	EARLY CHILDHOOD EDUCATION
kindergarten	EARLY CHILDHOOD EDUCATION
kindergartener	EARLY CHILDHOOD EDUCATION
early childhood education	EARLY CHILDHOOD EDUCATION
head start	EARLY CHILDHOOD EDUCATION
pre k	EARLY CHILDHOOD EDUCATION
pre kindergarden	EARLY CHILDHOOD EDUCATION
teacher	TEACHERS
educator	TEACHERS
faculty member	TEACHERS
student	STUDENTS
pupil	STUDENTS
classmate	STUDENTS
school	SCHOOLS
academy	SCHOOLS
college	POSTSECONDARY EDUCATION
university	POSTSECONDARY EDUCATION
professor	POSTSECONDARY EDUCATION
higher education	POSTSECONDARY EDUCATION
post secondary education	POSTSECONDARY EDUCATION
postsecondary education	POSTSECONDARY EDUCATION
law school	POSTSECONDARY EDUCATION
medical school	POSTSECONDARY EDUCATION
graduate school	POSTSECONDARY EDUCATION
bachelor degree	POSTSECONDARY EDUCATION
master degree	POSTSECONDARY EDUCATION
doctorate	POSTSECONDARY EDUCATION
education reform	EDUCATION REFORM
education reformer	EDUCATION REFORM
educational reforms	EDUCATION REFORM
education funding reform	EDUCATION REFORM
school reform	EDUCATION REFORM
new curriculum	EDUCATION REFORM
literacy	LITERACY
literate	LITERACY
illiterate	LITERACY
illiterates	LITERACY
illiteracy	LITERACY
tourism	TOURISM
touristry	TOURISM
traveler	TOURISM
holidaymaker	TOURISM
tourer	TOURISM
tourist	TOURISM
oil	OIL
light sweet crude	OIL
heavy crude	OIL
petroleum	OIL
tar sand	OIL
gasoline	OIL
diesel fuel	OIL
jet fuel	OIL
kerosene	OIL
petrol	OIL
vehicle fuel	OIL
fuel oil	OIL
fossil oil	OIL
coal	COAL
anthracite	COAL
lignite	COAL
bituminous	COAL
methane	NATURAL GAS
natural gas	NATURAL GAS
frack	NATURAL GAS
fracking	NATURAL GAS
shale gas	NATURAL GAS
nuclear energy	NUCLEAR ENERGY
nuclear reactor	NUCLEAR ENERGY
nuclear plant	NUCLEAR ENERGY
nuclear power	NUCLEAR ENERGY
solar panel	RENEWABLE ENERGY
photovoltaic	RENEWABLE ENERGY
solar power	RENEWABLE ENERGY
solar power	RENEWABLE ENERGY
solar energy	RENEWABLE ENERGY
wind turbine	RENEWABLE ENERGY
wind farm	RENEWABLE ENERGY
wind power	RENEWABLE ENERGY
hydroelectric	RENEWABLE ENERGY
hydroelectricity	RENEWABLE ENERGY
hydropower	RENEWABLE ENERGY
biomass	RENEWABLE ENERGY
biofuel	RENEWABLE ENERGY
geothermal energy	RENEWABLE ENERGY
geothermal power	RENEWABLE ENERGY
south to south	SOUTH-TO-SOUTH
south-to-south	SOUTH-TO-SOUTH
knowledge exchange	SOUTH-TO-SOUTH
eu	EUROPEAN UNION
e.u.	EUROPEAN UNION
european central bank	EUROPEAN UNION
eec	EUROPEAN UNION
e.e.c.	EUROPEAN UNION
ecb	EUROPEAN UNION
e.c.b.	EUROPEAN UNION
e.c.b.	EUROPEAN UNION
eurozone	EUROPEAN UNION
european union	EUROPEAN UNION
european commission	EUROPEAN UNION
european parliament	EUROPEAN UNION
european community	EUROPEAN UNION
european coal and steel community	EUROPEAN UNION
european integration	EUROPEAN UNION
foreign aid	FOREIGN AID
development assistance	FOREIGN AID
international development	FOREIGN AID
international donor	FOREIGN AID
donor aid	FOREIGN AID
democracy assistance	FOREIGN AID
democracy promotion	FOREIGN AID
foreign assistance	FOREIGN AID
usaid	FOREIGN AID
world bank	INT FINANCIAL INST
imf	INT FINANCIAL INST
international monetary fund	INT FINANCIAL INST
ibrd	INT FINANCIAL INST
international bank for reconstruction and development	INT FINANCIAL INST
international development association	INT FINANCIAL INST
international finance corporation	INT FINANCIAL INST
international centre for settlement of investment disputes	INT FINANCIAL INST
multilateral investment guarantee agency	INT FINANCIAL INST
asian development bank	INT FINANCIAL INST
inter american development bank	INT FINANCIAL INST
interamerican development bank	INT FINANCIAL INST
european investment bank	INT FINANCIAL INST
european bank for reconstruction and development	INT FINANCIAL INST
multilateral development bank	INT FINANCIAL INST
world trade organization	INT FINANCIAL INST
general agreement on tariffs and trade	INT FINANCIAL INST
ngo	CIVIL SOCIETY
civil society	CIVIL SOCIETY
non governmental organization	CIVIL SOCIETY
nongovernmental organization	CIVIL SOCIETY
non governmental organisation	CIVIL SOCIETY
nongovernmental organisation	CIVIL SOCIETY
non profit	CIVIL SOCIETY
non profits	CIVIL SOCIETY
nonprofit	CIVIL SOCIETY
nonprofits	CIVIL SOCIETY
voluntary association	CIVIL SOCIETY
social capital	CIVIL SOCIETY
community group	CIVIL SOCIETY
advocacy group	CIVIL SOCIETY
activist group	CIVIL SOCIETY
professional association	CIVIL SOCIETY
grassroots	CIVIL SOCIETY
civic organization	CIVIL SOCIETY
civic organisation	CIVIL SOCIETY
civic association	CIVIL SOCIETY
local organization	CIVIL SOCIETY
local organisation	CIVIL SOCIETY
local activist	CIVIL SOCIETY
rights group	CIVIL SOCIETY
right group	CIVIL SOCIETY
reprisal	RETALIATION
retaliate	RETALIATION
retaliation	RETALIATION
revenge	RETALIATION
avenge	RETALIATION
strike back	RETALIATION
tit for tat	RETALIATION
atrocity	ID ATROCITY
genocide	ID ATROCITY
ethnic cleansing	ID ATROCITY
ethnic purge	ID ATROCITY
ethnic purge	ID ATROCITY
war crime	ID ATROCITY
crime against humanity	ID ATROCITY
massacre	ID ATROCITY
massacre	ID ATROCITY
cartel	DRUG CARTELS
drug lord	DRUG CARTEL
drug lords	DRUG CARTEL
drug trafficker	DRUG CARTEL
drug trafficking	DRUG CARTEL
illicit trafficking	DRUG CARTEL
los zetas	DRUG CARTEL
zetas	DRUG CARTEL
sinaloa cartel	DRUG CARTEL
knights templar	DRUG CARTEL
jalisco new generation cartel	DRUG CARTEL
matazetas	DRUG CARTEL
ms 13	DRUG CARTEL
calle 18	DRUG CARTEL
barrio 18	DRUG CARTEL
la18	DRUG CARTEL
mara 18	DRUG CARTEL
m18	DRUG CARTEL
los urabenos	DRUG CARTEL
ndrangheta	DRUG CARTEL
erpac cartel	DRUG CARTEL
erpac	DRUG CARTEL
meth	DRUGS
methamphetamine	DRUGS
cocaine	DRUGS
heroin	DRUGS
opium	DRUGS
lsd	DRUGS
temazepam	DRUGS
prescription drug abuse	DRUGS
illegal drug	DRUGS
narcotic	DRUGS
cannabis	DRUGS
angel dust	DRUGS
marijuana	DRUGS
reefer	DRUGS
opium	DRUGS
hallucinogen	DRUGS
hallucinogenic	DRUGS
hallucinogenics	DRUGS
selling drugs	DRUGS
illicit drug	DRUGS
illicit drugs	DRUGS
hashish	DRUGS
mdma	DRUGS
drug trade	DRUG TRADE
drug trafficking	DRUG TRADE
drug smuggling	DRUG TRADE
drug killings	DRUG TRADE
drug killing	DRUG TRADE
drug violence	DRUG TRADE
narco	DRUG TRADE
narcos	DRUG TRADE
narcotic trafficking	DRUG TRADE
drug pusher	DRUG TRADE
drug dealer	DRUG TRADE
drug cartel	DRUG TRADE
mafia	ORGANIZED CRIME
gang	ORGANIZED CRIME
mobster	ORGANIZED CRIME
organized crime	ORGANIZED CRIME
organised crime	ORGANIZED CRIME
alleged mafioso	ORGANIZED CRIME
racketeer	ORGANIZED CRIME
racketeering	ORGANIZED CRIME
robbery	COMMON ROBBERY
robbed	COMMON ROBBERY
burglary	COMMON ROBBERY
burglar	COMMON ROBBERY
pickpocket	COMMON ROBBERY
pickpocket	COMMON ROBBERY
pickpocket	COMMON ROBBERY
pick pocket	COMMON ROBBERY
pick pocket	COMMON ROBBERY
thief	COMMON ROBBERY
robber	COMMON ROBBERY
street crime	COMMON ROBBERY
street criminal	COMMON ROBBERY
extremist	ID EXTREMISM
extremism	ID EXTREMISM
radicalize	ID EXTREMISM
radicalization	ID EXTREMISM
extreme left	ID EXTREMISM
extreme right	ID EXTREMISM
radical	ID EXTREMISM
fanatical	ID EXTREMISM
fanaticism	ID EXTREMISM
far left	ID EXTREMISM
far right	ID EXTREMISM
farleft	ID EXTREMISM
farright	ID EXTREMISM
fringe element	ID EXTREMISM
nazi	ID EXTREMISM
neonazi	ID EXTREMISM
zealot	ID EXTREMISM
shortage	SHORTAGE
shortages	SHORTAGE
rationing	SHORTAGE
outages	SHORTAGE
blackouts	SHORTAGE
brownouts	SHORTAGE
power blackout	ELECTRICITY OUTAGE
power failure	ELECTRICITY OUTAGE
power outage	ELECTRICITY OUTAGE
knocked out power	ELECTRICITY OUTAGE
power disruption	ELECTRICITY OUTAGE
disruption of power	ELECTRICITY OUTAGE
without power	ELECTRICITY OUTAGE
to restore power	ELECTRICITY OUTAGE
to restore electricity	ELECTRICITY OUTAGE
downed power line	ELECTRICITY OUTAGE
without electricity	ELECTRICITY OUTAGE
power wont be restored	ELECTRICITY OUTAGE
price of food	FOOD SECURITY
cost of food	FOOD SECURITY
food security	FOOD SECURITY
food shortage	FOOD SECURITY
starvation	FOOD SECURITY
food access	FOOD SECURITY
famine	FOOD SECURITY
access food	FOOD SECURITY
food aid	FOOD SECURITY
famine	FOOD SECURITY
lack of food	FOOD SECURITY
food crisis	FOOD SECURITY
food emergency	FOOD SECURITY
crop failure	FOOD SECURITY
crop fail	FOOD SECURITY
failure of the crop	FOOD SECURITY
failure of crop	FOOD SECURITY
malnourish	FOOD SECURITY
malnourishment	FOOD SECURITY
malnourished	FOOD SECURITY
malnutrition	FOOD SECURITY
drought	WATER SECURITY
water shortage	WATER SECURITY
drinking water	WATER SECURITY
water access	WATER SECURITY
water security	WATER SECURITY
water shortage	WATER SECURITY
water scarcity	WATER SECURITY
shortage of water	WATER SECURITY
water crisis	WATER SECURITY
water supply	WATER SECURITY
water emergency	WATER SECURITY
water level	WATER SECURITY
desertification	WATER SECURITY
poor rainfall	WATER SECURITY
lack of rainfall	WATER SECURITY
lack of rain	WATER SECURITY
no rain	WATER SECURITY
potable water	WATER SECURITY
agriculture	AGRICULTURE
agricultural	AGRICULTURE
animal husbandry	AGRICULTURE
farm	AGRICULTURE
farm	AGRICULTURE
farmer	AGRICULTURE
rancher	AGRICULTURE
herder	AGRICULTURE
pastoralist	AGRICULTURE
livestock	AGRICULTURE
cattle	AGRICULTURE
crop	AGRICULTURE
harvest	AGRICULTURE
harvest	AGRICULTURE
herbicide	AGRICULTURE
pesticide	AGRICULTURE
nuclear proliferation	ID PROLIFERATION
weapon proliferation	ID PROLIFERATION
non proliferation	ID PROLIFERATION
nonproliferation	ID PROLIFERATION
arms proliferation	ID PROLIFERATION
missile proliferation	ID PROLIFERATION
missile technology proliferation	ID PROLIFERATION
arms trade	ID ARMS DEAL
arms sale	ID ARMS DEAL
arms deal	ID ARMS DEAL
weapons sale	ID ARMS DEAL
weapons deal	ID ARMS DEAL
weapons shipment	ID ARMS DEAL
weapons cargo	ID ARMS DEAL
arms cargo	ID ARMS DEAL
arms shipment	ID ARMS DEAL
missile sale	ID ARMS DEAL
missile shipment	ID ARMS DEAL
cargo of weapon	ID ARMS DEAL
cargo of arm	ID ARMS DEAL
shipment of weapon	ID ARMS DEAL
shipment of arm	ID ARMS DEAL
water cannon	VIOLENT UNREST
tear gas	VIOLENT UNREST
rubber bullet	VIOLENT UNREST
smoke grenade	VIOLENT UNREST
stun grenade	VIOLENT UNREST
angry mob	VIOLENT UNREST
clash with police	VIOLENT UNREST
clash with soldiers	VIOLENT UNREST
clash with protester	VIOLENT UNREST
clash with demonstrator	VIOLENT UNREST
deadly clashes	VIOLENT UNREST
violent clashes	VIOLENT UNREST
protest turned violent	VIOLENT UNREST
fire into the crowd	VIOLENT UNREST
shot at the protester	VIOLENT UNREST
shot at protester	VIOLENT UNREST
shot into the protesters	VIOLENT UNREST
disperse the crowd	VIOLENT UNREST
disperse the protest	VIOLENT UNREST
disperse the protest	VIOLENT UNREST
disperse the demonstrator	VIOLENT UNREST
break up the protest	VIOLENT UNREST
break up the demonstration	VIOLENT UNREST
smashed police	VIOLENT UNREST
smash car	VIOLENT UNREST
violent protests	VIOLENT UNREST
violent unrest	VIOLENT UNREST
rioter	VIOLENT UNREST
riot police	VIOLENT UNREST
landmine	LANDMINE
land mine	LANDMINE
land mine	LANDMINE
antipersonnel mine	LANDMINE
anti personnel mine	LANDMINE
anti tank mine	LANDMINE
roadside bomb	IED
roadside bomb	IED
homemade bomb	IED
carbomb	IED
carbombs	IED
carbombing	IED
car bomb	IED
car bomb	IED
truck bomb	IED
truck bomb	IED
pipe bomb	IED
pipe bomb	IED
nail bomb	IED
nail bomb	IED
nail bombed	IED
nail bombing	IED
ied	IED
ieds	IED
improvised explosive device	IED
peacekeeper	PEACEKEEPERS
peacekeeping	PEACEKEEPERS
peacekeepers	PEACEKEEPERS
stabilization force	PEACEKEEPERS
stabilization forces	PEACEKEEPERS
un forces	PEACEKEEPERS
united nations forces	PEACEKEEPERS
african union mission in somalia	PEACEKEEPERS
united nations angola verification mission	PEACEKEEPERS
united nations operation in the congo	PEACEKEEPERS
united nations transition assistance group	PEACEKEEPERS
united nations observer mission in liberia	PEACEKEEPERS
united nations observer mission uganda-rwanda	PEACEKEEPERS
united nations operation in somalia	PEACEKEEPERS
united nations aouzou strip observer	PEACEKEEPERS
united nations observer mission in angola	PEACEKEEPERS
united nations observer mission in sierra leone	PEACEKEEPERS
united nations mission in the central african republic	PEACEKEEPERS
united nations mission in sierra leone	PEACEKEEPERS
united nations mission in ethiopia and eritrea	PEACEKEEPERS
united nations operation in burundi	PEACEKEEPERS
united nations organization mission in the democratic republic of the congo	PEACEKEEPERS
united nations mission in the central african republic and chad	PEACEKEEPERS
united nations mission in the sudan	PEACEKEEPERS
united nations observer group in central america	PEACEKEEPERS
united nations observer mission in el salvador	PEACEKEEPERS
united nations mission in haiti	PEACEKEEPERS
united nations support mission in haiti	PEACEKEEPERS
united nations verification mission in guatemala	PEACEKEEPERS
united nations transition mission in haiti	PEACEKEEPERS
united nations civilian police mission in haiti	PEACEKEEPERS
united nations general assembly international civilian support mission in haiti	PEACEKEEPERS
united nations security force in west new guinea	PEACEKEEPERS
united nations india-pakistan observation mission	PEACEKEEPERS
united nations good offices mission in afghanistan and pakistan	PEACEKEEPERS
united nations advance mission in cambodia	PEACEKEEPERS
united nations transitional authority in cambodia	PEACEKEEPERS
united nations mission of observers in tajikistan	PEACEKEEPERS
united nations mission in east timor	PEACEKEEPERS
the united nations transitional administration in east timor	PEACEKEEPERS
united nations mission of support in east timor	PEACEKEEPERS
united nations integrated mission in timor-leste	PEACEKEEPERS
united nations protection force	PEACEKEEPERS
united nations observer mission in georgia	PEACEKEEPERS
united nations confidence restoration operation	PEACEKEEPERS
united nations mission in bosnia and herzegovina	PEACEKEEPERS
united nations preventive deployment force	PEACEKEEPERS
united nations transitional authority in eastern slavonia, baranja and western sirmium	PEACEKEEPERS
united nations mission of observers in prevlaka	PEACEKEEPERS
united nations civilian police support group	PEACEKEEPERS
united nations iran-iraq military observer group	PEACEKEEPERS
united nations iraq-kuwait observation mission	PEACEKEEPERS
united nations supervision mission in syria	PEACEKEEPERS
united nations mission for the referendum in western sahara	PEACEKEEPERS
united nations mission in liberia	PEACEKEEPERS
united nations operation in cote d'ivoire	PEACEKEEPERS
united nations/african union mission in darfur	PEACEKEEPERS
united nations organization stabilization mission in the democratic republic of the congo	PEACEKEEPERS
united nations interim security force for abyei	PEACEKEEPERS
united nations mission in the republic of south sudan	PEACEKEEPERS
united nations support mission in libya	PEACEKEEPERS
multidimensional integrated stabilization mission in mali	PEACEKEEPERS
international support mission in the central african republic	PEACEKEEPERS
united nations stabilization mission in haiti	PEACEKEEPERS
united nations military observer group in india and pakistan	PEACEKEEPERS
united nations assistance mission in afghanistan	PEACEKEEPERS
united nations truce supervision organization	PEACEKEEPERS
united nations disengagement observer force	PEACEKEEPERS
united nations interim force in lebanon	PEACEKEEPERS
united nations peacekeeping force in cyprus	PEACEKEEPERS
united nations interim administration mission in kosovo	PEACEKEEPERS
unmik	PEACEKEEPERS
onuc	PEACEKEEPERS
unavem	PEACEKEEPERS
onumoz	PEACEKEEPERS
unomil	PEACEKEEPERS
unamsil	PEACEKEEPERS
unmee	PEACEKEEPERS
onub	PEACEKEEPERS
monuc	PEACEKEEPERS
minurcat	PEACEKEEPERS
unmis	PEACEKEEPERS
minugua	PEACEKEEPERS
onusal	PEACEKEEPERS
unmih	PEACEKEEPERS
ungomap	PEACEKEEPERS
unamic	PEACEKEEPERS
untac	PEACEKEEPERS
unmot	PEACEKEEPERS
unamet	PEACEKEEPERS
untaet	PEACEKEEPERS
unmiset	PEACEKEEPERS
unmit	PEACEKEEPERS
unprofor	PEACEKEEPERS
unomig	PEACEKEEPERS
uncro	PEACEKEEPERS
unmibh	PEACEKEEPERS
unpredep	PEACEKEEPERS
unmop	PEACEKEEPERS
unyom	PEACEKEEPERS
uniimog	PEACEKEEPERS
unikom	PEACEKEEPERS
unsmis	PEACEKEEPERS
minurso	PEACEKEEPERS
unmil	PEACEKEEPERS
unoci	PEACEKEEPERS
unamid	PEACEKEEPERS
monusco	PEACEKEEPERS
unisfa	PEACEKEEPERS
unmiss	PEACEKEEPERS
unsmil	PEACEKEEPERS
minusma	PEACEKEEPERS
misca	PEACEKEEPERS
minustah	PEACEKEEPERS
unmogip	PEACEKEEPERS
unama	PEACEKEEPERS
untso	PEACEKEEPERS
undof	PEACEKEEPERS
unifil	PEACEKEEPERS
unificyp	PEACEKEEPERS
ecomog	PEACEKEEPERS
amisom	PEACEKEEPERS
police	SECURITY SERVICES
policeman	SECURITY SERVICES
policemen	SECURITY SERVICES
policewoman	SECURITY SERVICES
policewomen	SECURITY SERVICES
national guard	SECURITY SERVICES
national guardsmen	SECURITY SERVICES
national guardsman	SECURITY SERVICES
security service	SECURITY SERVICES
security apparatus	SECURITY SERVICES
security force	SECURITY SERVICES
law enforcement	SECURITY SERVICES
guardsmen	SECURITY SERVICES
constabulary	SECURITY SERVICES
constable	SECURITY SERVICES
peace officer	SECURITY SERVICES
peaceofficer	SECURITY SERVICES
gendarmerie	SECURITY SERVICES
gendarmery	SECURITY SERVICES
mounties	SECURITY SERVICES
build new	NEW CONSTRUCTION
new roadway	NEW CONSTRUCTION
new highway	NEW CONSTRUCTION
new overpass	NEW CONSTRUCTION
new bridge	NEW CONSTRUCTION
new dock	NEW CONSTRUCTION
new housing	NEW CONSTRUCTION
new house	NEW CONSTRUCTION
construct new	NEW CONSTRUCTION
break ground	NEW CONSTRUCTION
construct new	NEW CONSTRUCTION
new construction	NEW CONSTRUCTION
begin construction	NEW CONSTRUCTION
construction project	NEW CONSTRUCTION
construction crew	NEW CONSTRUCTION
construction boom	NEW CONSTRUCTION
boom construction	NEW CONSTRUCTION
drone	DRONE
uav	DRONE
uavs	DRONE
unmanned aerial	DRONE
flying robot	DRONE
military robot	DRONE
flying robots	DRONE
military robots	DRONE
unmanned combat air vehicle	DRONE
airstrike	AIRSTRIKE
air raid	AIRSTRIKE
air strike	AIRSTRIKE
surgical strike	AIRSTRIKE
bombing run	AIRSTRIKE
aerial bombardment	AIRSTRIKE
bombing mission	AIRSTRIKE
strafe	AIRSTRIKE
air campaign	AIRSTRIKE
aerial campaign	AIRSTRIKE
aerial bombing	AIRSTRIKE
bombing campaign	AIRSTRIKE
close air support	AIRSTRIKE
democracy	ID DEMOCRACY
democratic	ID DEMOCRACY
democratize	ID DEMOCRACY
democratise	ID DEMOCRACY
immigrant	ID IMMIGRATION
immigration	ID IMMIGRATION
smuggler	ID SMUGGLING
smuggle	ID SMUGGLING
arms traffic	ID SMUGGLING
arms trafficker	ID SMUGGLING
slum	SLUMS
favela	SLUMS
informal settlement	SLUMS
slum dweller	SLUMS
shack dweller	SLUMS
shantytown	SLUMS
shanty town	SLUMS
social movement	SOCIAL MOVEMENT
mass movement	SOCIAL MOVEMENT
popular movement	SOCIAL MOVEMENT
political movement	SOCIAL MOVEMENT
equality movement	SOCIAL MOVEMENT
movement for equality	SOCIAL MOVEMENT
rights movement	SOCIAL MOVEMENT
movement for recognition of rights	SOCIAL MOVEMENT
movement for rights	SOCIAL MOVEMENT
rights movements	SOCIAL MOVEMENT
social activist	SOCIAL MOVEMENT
opposition movement	SOCIAL MOVEMENT
nationalist movement	NATIONAL MOVEMENT
national liberation movement	NATIONAL MOVEMENT
national liberation struggle	NATIONAL MOVEMENT
autonomy movement	NATIONAL MOVEMENT
struggle for national liberation	NATIONAL MOVEMENT
movement for national liberation	NATIONAL MOVEMENT
youth movement	YOUTH MOVEMENT
youth organization	YOUTH MOVEMENT
youth organisation	YOUTH MOVEMENT
labor movement	ECONOMIC MOVEMENT
worker movement	ECONOMIC MOVEMENT
worker struggle	ECONOMIC MOVEMENT
labor struggle	ECONOMIC MOVEMENT
struggle for labor	ECONOMIC MOVEMENT
struggle for worker	ECONOMIC MOVEMENT
occupy movement	ECONOMIC MOVEMENT
occupy movements	ECONOMIC MOVEMENT
occupy wall street	ECONOMIC MOVEMENT
anti globalization movement	ECONOMIC MOVEMENT
religious movement	RELIGIOUS MOVEMENT
women's activist	WOMENS MOVEMENT
women's activism	WOMENS MOVEMENT
women's movement	WOMENS MOVEMENT
anti violence against women	WOMENS MOVEMENT
women's ngo	WOMENS MOVEMENT
women's ngos	WOMENS MOVEMENT
women's rights	WOMENS MOVEMENT
women's organization	WOMENS MOVEMENT
women's empowerment	WOMENS MOVEMENT
gender equality	WOMENS MOVEMENT
climate change movement	ENVIRONMENTAL MOVEMENT
climate change movements	ENVIRONMENTAL MOVEMENT
environmental movement	ENVIRONMENTAL MOVEMENT
environmental movements	ENVIRONMENTAL MOVEMENT
environmental activism	ENVIRONMENTAL MOVEMENT
environmental activist	ENVIRONMENTAL MOVEMENT
environmental activists	ENVIRONMENTAL MOVEMENT
environmental campaign	ENVIRONMENTAL MOVEMENT
gmo movement	ENVIRONMENTAL MOVEMENT
gmo movements	ENVIRONMENTAL MOVEMENT
ecology movement	ENVIRONMENTAL MOVEMENT
ecology movements	ENVIRONMENTAL MOVEMENT
conservationists	ENVIRONMENTAL MOVEMENT
anti global warming	ENVIRONMENTAL MOVEMENT
global warming movement	ENVIRONMENTAL MOVEMENT
global warming activist	ENVIRONMENTAL MOVEMENT
global warming activists	ENVIRONMENTAL MOVEMENT
climate change activist	ENVIRONMENTAL MOVEMENT
climate change activists	ENVIRONMENTAL MOVEMENT
campaigns against climate change	ENVIRONMENTAL MOVEMENT
campaign against climate change	ENVIRONMENTAL MOVEMENT
activist	ACTIVISM
activism	ACTIVISM
violence against women	GENDER VIOLENCE
gender violence	GENDER VIOLENCE
domestic violence	GENDER VIOLENCE
woman hate crime	GENDER VIOLENCE
beat his wife	GENDER VIOLENCE
battered woman	GENDER VIOLENCE
sexual violence	GENDER VIOLENCE
intimate partner violence	GENDER VIOLENCE
honor killing	GENDER VIOLENCE
sexual exploit	GENDER VIOLENCE
sexually exploit	GENDER VIOLENCE
sex crime	GENDER VIOLENCE
sexual crime	GENDER VIOLENCE
sex slave	GENDER VIOLENCE
sex slavery	GENDER VIOLENCE
sexual slave	GENDER VIOLENCE
sexual slavery	GENDER VIOLENCE
sex abuse	GENDER VIOLENCE
sex abuser	GENDER VIOLENCE
sexual abuse	GENDER VIOLENCE
sexual abuser	GENDER VIOLENCE
sexual abusing	GENDER VIOLENCE
sexually abused	GENDER VIOLENCE
sexual misconduct	GENDER VIOLENCE
sexual violence	GENDER VIOLENCE
gender based violence	GENDER VIOLENCE
rape	RAPE
rapist	RAPE
rape	RAPE
gay	LGBT
gays	LGBT
lesbian	LGBT
lesbians	LGBT
bisexual	LGBT
bisexuals	LGBT
transgender	LGBT
transexual	LGBT
trans man	LGBT
trans woman	LGBT
trans men	LGBT
trans women	LGBT
sexual minority	LGBT
lgbt	LGBT
lgbts	LGBT
glbt	LGBT
lgbtq	LGBT
lgbtqi	LGBT
pride parade	LGBT
pride march	LGBT
sexual orientation	LGBT
gay pride	LGBT
homosexual	LGBT
homosexuality	LGBT
homophobia	LGBT
homophobic	LGBT
homophobe	LGBT
biphobia	LGBT
biphobic	LGBT
transphobia	LGBT
transphobic	LGBT
gender identity	LGBT
lgbqt	LGBT
same sex couple	LGBT
same sex marriage	LGBT
queer	LGBT
genderqueer	LGBT
marriage equality	LGBT
human right	HUMAN RIGHTS
civil right	HUMAN RIGHTS
religious rights	HUMAN RIGHTS
womens rights	HUMAN RIGHTS
individual rights	HUMAN RIGHTS
religious freedom	HUMAN RIGHTS
freedom of religion	HUMAN RIGHTS
political freedom	HUMAN RIGHTS
free speech	HUMAN RIGHTS
freedom of speech	HUMAN RIGHTS
religious tolerance	HUMAN RIGHTS
racial tolerance	HUMAN RIGHTS
sexual equality	HUMAN RIGHTS
religious equality	HUMAN RIGHTS
social equality	HUMAN RIGHTS
torture	ID TORTURE
torturing	ID TORTURE
tortured	ID TORTURE
political prisoner	POLITICAL PRISONER
labor camp	POLITICAL PRISONER
gulag	POLITICAL PRISONER
racism	DISCRIMINATION
racist	DISCRIMINATION
discriminatory	DISCRIMINATION
discrimination	DISCRIMINATION
discriminate against	DISCRIMINATION
anti gay	DISCRIMINATION
antigay	DISCRIMINATION
anti gay	DISCRIMINATION
gay bashing	DISCRIMINATION
gaybashing	DISCRIMINATION
homophobic	DISCRIMINATION
homophobia	DISCRIMINATION
slur	DISCRIMINATION
xenophobia	DISCRIMINATION
xenophobic	DISCRIMINATION
bigot	DISCRIMINATION
bigotry	DISCRIMINATION
xenophobia	DISCRIMINATION
xenophobic	DISCRIMINATION
xenophobe	DISCRIMINATION
human trafficking	HUMAN TRAFFICKING
human trafficker	HUMAN TRAFFICKING
sex trafficking	HUMAN TRAFFICKING
sex trafficker	HUMAN TRAFFICKING
forced labor	HUMAN TRAFFICKING
human smuggling	HUMAN TRAFFICKING
human smuggler	HUMAN TRAFFICKING
human smugglers	HUMAN TRAFFICKING
sanction	SANCTIONS
embargo	SANCTIONS
embargo	SANCTIONS
weapon of mass destruction	WMD
wmd	WMD
wmds	WMD
icbm	NUCLEAR WEAPONS
icbms	NUCLEAR WEAPONS
intercontinental ballistic missile	NUCLEAR WEAPONS
multiple independently targeted reentry vehicle	NUCLEAR WEAPONS
nuclear armed	NUCLEAR WEAPONS
nuclear bomb	NUCLEAR WEAPONS
nuclear cruise missile	NUCLEAR WEAPONS
nuclear missile	NUCLEAR WEAPONS
nuclear tipped	NUCLEAR WEAPONS
nuclear umbrella	NUCLEAR WEAPONS
nuclear war	NUCLEAR WEAPONS
nuclear warfare	NUCLEAR WEAPONS
nuclear weapon	NUCLEAR WEAPONS
nuclear arm	NUCLEAR WEAPONS
thermonuclear weapon	NUCLEAR WEAPONS
thermonuclear bomb	NUCLEAR WEAPONS
thermonuclear missile	NUCLEAR WEAPONS
weapons grade uranium	NUCLEAR WEAPONS
weapons grade plutonium	NUCLEAR WEAPONS
dirty bomb	RADIOLOGICAL WEAPONS
radiological bomb	RADIOLOGICAL WEAPONS
radiological device	RADIOLOGICAL WEAPONS
anthrax attack	BIOLOGICAL WEAPONS
biological war	BIOLOGICAL WEAPONS
biological warfare	BIOLOGICAL WEAPONS
biological weapon	BIOLOGICAL WEAPONS
weaponized smallpox	BIOLOGICAL WEAPONS
weaponized ebola	BIOLOGICAL WEAPONS
bacteriological weapons	BIOLOGICAL WEAPONS
bacteriological weapon	BIOLOGICAL WEAPONS
biological attack	BIOLOGICAL WEAPONS
bioterrorism	BIOLOGICAL WEAPONS
bioterrorist	BIOLOGICAL WEAPONS
bioterrists	BIOLOGICAL WEAPONS
bio weapon	BIOLOGICAL WEAPONS
chemical munition	CHEMICAL WEAPONS
chemical warhead	CHEMICAL WEAPONS
chemical war	CHEMICAL WEAPONS
chemical warfare	CHEMICAL WEAPONS
chemical weapon	CHEMICAL WEAPONS
use of poison gas	CHEMICAL WEAPONS
gas attack	CHEMICAL WEAPONS
chemical stockpile	CHEMICAL WEAPONS
chemical attack	CHEMICAL WEAPONS
sarin warhead	CHEMICAL WEAPONS
sarin gas	CHEMICAL WEAPONS
mustard gas	CHEMICAL WEAPONS
nerve gas	CHEMICAL WEAPONS
displaced people	REFUGEES
displaced person	REFUGEES
idps	REFUGEES
refugee	REFUGEES
asylum seeker	REFUGEES
stateless person	REFUGEES
stateless people	REFUGEES
forced migration	REFUGEES
forced migrant	REFUGEES
forced relocation	REFUGEES
block website	INTERNET CENSORSHIP
website is blocked	INTERNET CENSORSHIP
block site	INTERNET CENSORSHIP
block internet	INTERNET CENSORSHIP
censor internet	INTERNET CENSORSHIP
online censorship	INTERNET CENSORSHIP
online censoring	INTERNET CENSORSHIP
internet freedom	INTERNET CENSORSHIP
internet censor	INTERNET CENSORSHIP
internet censor	INTERNET CENSORSHIP
internet is censored	INTERNET CENSORSHIP
internet censorship	INTERNET CENSORSHIP
net censorship	INTERNET CENSORSHIP
censorship of the net	INTERNET CENSORSHIP
censorship of the internet	INTERNET CENSORSHIP
censorship of the web	INTERNET CENSORSHIP
crackdown on social media	INTERNET CENSORSHIP
restriction on social media	INTERNET CENSORSHIP
great firewall	INTERNET CENSORSHIP
media crackdown	MEDIA CENSORSHIP
press freedom	MEDIA CENSORSHIP
freedom of the press	MEDIA CENSORSHIP
journalist arrested	MEDIA CENSORSHIP
arrest journalist	MEDIA CENSORSHIP
reporter arrest	MEDIA CENSORSHIP
arrest reporter	MEDIA CENSORSHIP
journalist arrest	MEDIA CENSORSHIP
arrest journalist	MEDIA CENSORSHIP
reporter arrest	MEDIA CENSORSHIP
arrest reporter	MEDIA CENSORSHIP
banned book	MEDIA CENSORSHIP
media crackdown	MEDIA CENSORSHIP
crackdown on the media	MEDIA CENSORSHIP
crackdown on media	MEDIA CENSORSHIP
intimidation of the media	MEDIA CENSORSHIP
intimidation of the press	MEDIA CENSORSHIP
intimidation of media	MEDIA CENSORSHIP
intimidation of press	MEDIA CENSORSHIPintimidation of the media
intimidation of journalists	MEDIA CENSORSHIP
intimidation of reporters	MEDIA CENSORSHIP
intimidate journalist	MEDIA CENSORSHIP
intimidate journalist	MEDIA CENSORSHIP
press intimidation	MEDIA CENSORSHIP
media restrictions	MEDIA CENSORSHIP
press restrictions	MEDIA CENSORSHIP
media censorship	MEDIA CENSORSHIP
press censorship	MEDIA CENSORSHIP
media control	MEDIA CENSORSHIP
press control	MEDIA CENSORSHIP
restrictions on the press	MEDIA CENSORSHIP
control over the media	MEDIA CENSORSHIP
control over the press	MEDIA CENSORSHIP
censorship of traditional media	MEDIA CENSORSHIP
kidnap	KIDNAP
abduct	KIDNAP
abduction	KIDNAP
assassinate	ASSASSINATION
assassination	ASSASSINATION
military coup	COUP DISCUSSION
attempted coup	COUP DISCUSSION
coup plot	COUP DISCUSSION
coup d'etat	COUP DISCUSSION
staging a coup	COUP DISCUSSION
coup plot	COUP DISCUSSION
election	ELECTION
voter	ELECTION
voters	ELECTION
head to the polls	ELECTION
balloting	ELECTION
stuff the ballot box	ELECTION FRAUD
stuff ballot box	ELECTION FRAUD
ballot box stuffing	ELECTION FRAUD
ballot box tampering	ELECTION FRAUD
ballot fraud	ELECTION FRAUD
ballot stuffing	ELECTION FRAUD
ballot tamper	ELECTION FRAUD
carousel vote	ELECTION FRAUD
carousel voter	ELECTION FRAUD
disenfranchise	ELECTION FRAUD
disenfranchisement	ELECTION FRAUD
election fraud	ELECTION FRAUD
election monitor	ELECTION FRAUD
election monitoring	ELECTION FRAUD
election monitors	ELECTION FRAUD
elections watchdog	ELECTION FRAUD
election tampering	ELECTION FRAUD
election watchdog	ELECTION FRAUD
electoral fraud	ELECTION FRAUD
electoral violation	ELECTION FRAUD
vote manipulation	ELECTION FRAUD
rig the vote	ELECTION FRAUD
vote fraud	ELECTION FRAUD
vote manipulation	ELECTION FRAUD
voter suppression	ELECTION FRAUD
voter intimidation	ELECTION FRAUD
intimidate voter	ELECTION FRAUD
voter fraud	ELECTION FRAUD
vote rig	ELECTION FRAUD
vote rigging	ELECTION FRAUD
rigged elections	ELECTION FRAUD
rig the election	ELECTION FRAUD
vote tampering	ELECTION FRAUD
voting violations	ELECTION FRAUD
election irregularities	ELECTION FRAUD
vote irregularities	ELECTION FRAUD
booth capture	ELECTION FRAUD
capture booth	ELECTION FRAUD
ransomware	MALWARE
computer trojan	MALWARE
computer trojans	MALWARE
computer virus	MALWARE
computer worm	MALWARE
keylogger	MALWARE
key logger	MALWARE
keylogging	MALWARE
key stroke logger	MALWARE
keystroke logger	MALWARE
keystroke logging	MALWARE
key stroke logging	MALWARE
malware	MALWARE
zero day attack	MALWARE
zero day exploit	MALWARE
a zero day	MALWARE
rootkit	MALWARE
rootkits	MALWARE
spyware	MALWARE
remote access tool	MALWARE
malicious attachment	MALWARE
clandestine remote access	MALWARE
malicious code	MALWARE
victim's machine	MALWARE
advanced persistent threat	CYBER SECURITY
bootkit	CYBER SECURITY
botnet	CYBER SECURITY
botnets	CYBER SECURITY
computer security	CYBER SECURITY
cyber arm	CYBER SECURITY
cyberarms	CYBER SECURITY
cyber attack	CYBER SECURITY
cyberattack	CYBER SECURITY
cyberattacks	CYBER SECURITY
cyber command	CYBER SECURITY
cyber commands	CYBER SECURITY
cyber crime	CYBER SECURITY
cybercrime	CYBER SECURITY
cyber criminal	CYBER SECURITY
cybercriminal	CYBER SECURITY
cybercriminals	CYBER SECURITY
cyber crook	CYBER SECURITY
cybercrook	CYBER SECURITY
cybercrooks	CYBER SECURITY
cyber espionage	CYBER SECURITY
cyberespionage	CYBER SECURITY
cyberoperation	CYBER SECURITY
cyberoperations	CYBER SECURITY
cyber security	CYBER SECURITY
cybersecurity	CYBER SECURITY
cyber terror	CYBER SECURITY
cyberterror	CYBER SECURITY
cyber terrorism	CYBER SECURITY
cyberterrorism	CYBER SECURITY
cyber tool	CYBER SECURITY
cyber threat	CYBER SECURITY
cyberthreat	CYBER SECURITY
cyber war	CYBER SECURITY
cyberwar	CYBER SECURITY
cyber warfare	CYBER SECURITY
cyberwarfare	CYBER SECURITY
cyber warrior	CYBER SECURITY
cyberwarrior	CYBER SECURITY
cyberwarriors	CYBER SECURITY
cyber weapon	CYBER SECURITY
cyberwarfare	CYBER SECURITY
cyber warfare	CYBER SECURITY
cyberweapon	CYBER SECURITY
cyber weaponry	CYBER SECURITY
cyberweaponry	CYBER SECURITY
cyberweapons	CYBER SECURITY
data theft	CYBER SECURITY
ddos attack	CYBER SECURITY
data breach	CYBER SECURITY
databreach	CYBER SECURITY
denial of service	CYBER SECURITY
digital attack	CYBER SECURITY
dos attack	CYBER SECURITY
ddos	CYBER SECURITY
electronic attack	CYBER SECURITY
cyber espionage	CYBER SECURITY
hacker	CYBER SECURITY
hacking	CYBER SECURITY
hacktivist	CYBER SECURITY
hacktivists	CYBER SECURITY
hacktivistm	CYBER SECURITY
industiral espionage	CYBER SECURITY
infected computer	CYBER SECURITY
intrusion detection	CYBER SECURITY
man in the middle	CYBER SECURITY
man in the middle attack	CYBER SECURITY
man in the middle attack	CYBER SECURITY
memory scraping	CYBER SECURITY
man in the browser	CYBER SECURITY
network breach	CYBER SECURITY
network intrusion	CYBER SECURITY
spear phish	CYBER SECURITY
phish	CYBER SECURITY
phisher	CYBER SECURITY
phishing	CYBER SECURITY
phreaking	CYBER SECURITY
security exploit	CYBER SECURITY
sql injection	CYBER SECURITY
roadblock	CHECKPOINT
checkpoint	CHECKPOINT
humanitarian crisis	HUMANITARIAN CRISIS
humanitarian disaster	HUMANITARIAN CRISIS
humanitarian emergency	HUMANITARIAN CRISIS
disaster relief	HUMANITARIAN CRISIS
humanitarian relief	HUMANITARIAN CRISIS
humanitarian situation	HUMANITARIAN CRISIS
corruption	CORRUPTION
corrupt	CORRUPTION
kickback	CORRUPTION
anticorruption	CORRUPTION
anti corruption	CORRUPTION
graft	CORRUPTION
anti graft	CORRUPTION
antigraft	CORRUPTION
anti graft	CORRUPTION
bribery	CORRUPTION
anti bribery	CORRUPTION
antibribery	CORRUPTION
bribe	CORRUPTION
bribe	CORRUPTION
embezzlement	CORRUPTION
embezzle	CORRUPTION
skim fund	CORRUPTION
misappropriate	CORRUPTION
misappropriation	CORRUPTION
nepotism	CORRUPTION
climate change	CLIMATE CHANGE
global warming	CLIMATE CHANGE
change climate	CLIMATE CHANGE
greenhouse gas	CLIMATE CHANGE
warmer climate	CLIMATE CHANGE
ecological catastrophe	SELF IDENTIFIED ENVIRON DISASTER
ecological disaster	SELF IDENTIFIED ENVIRON DISASTER
environmental catastrophe	SELF IDENTIFIED ENVIRON DISASTER
environmental disaster	SELF IDENTIFIED ENVIRON DISASTER
ecological catastrophes	SELF IDENTIFIED ENVIRON DISASTER
ecological disasters	SELF IDENTIFIED ENVIRON DISASTER
environmental catastrophes	SELF IDENTIFIED ENVIRON DISASTER
environmental disasters	SELF IDENTIFIED ENVIRON DISASTER
intense rainfall	NATURAL DISASTER
flood area	NATURAL DISASTER
flood road	NATURAL DISASTER
heavy rain	NATURAL DISASTER
high water	NATURAL DISASTER
torrential rain	NATURAL DISASTER
monsoon rain	NATURAL DISASTER
asteroid impact	NATURAL DISASTER
avalanche	NATURAL DISASTER
blizzard	NATURAL DISASTER
brush fire	NATURAL DISASTER
burst dam	NATURAL DISASTER
bushfire	NATURAL DISASTER
comet impact	NATURAL DISASTER
cyclone	NATURAL DISASTER
dam burst	NATURAL DISASTER
dam failure	NATURAL DISASTER
drought	NATURAL DISASTER
earthquake	NATURAL DISASTER
eruption	NATURAL DISASTER
eruptions	NATURAL DISASTER
erupting	NATURAL DISASTER
extreme cold	NATURAL DISASTER
extreme weather	NATURAL DISASTER
failed levee	NATURAL DISASTER
levee failure	NATURAL DISASTER
flood	NATURAL DISASTER
flooded	NATURAL DISASTER
flooding	NATURAL DISASTER
floodwater	NATURAL DISASTER
flood water	NATURAL DISASTER
flash flood	NATURAL DISASTER
dam break	NATURAL DISASTER
dam overflow	NATURAL DISASTER
devasting deluge	NATURAL DISASTER
dust storm	NATURAL DISASTER
forest fire	NATURAL DISASTER
grass fire	NATURAL DISASTER
bushfire	NATURAL DISASTER
bushfires	NATURAL DISASTER
bush fire	NATURAL DISASTER
brush fire	NATURAL DISASTER
brushfire	NATURAL DISASTER
forest burned	NATURAL DISASTER
richter scale	NATURAL DISASTER
heavy snow	NATURAL DISASTER
heavy rain	NATURAL DISASTER
hurricane	NATURAL DISASTER
hypothermia	NATURAL DISASTER
landslide	NATURAL DISASTER
levee failure	NATURAL DISASTER
meteorite impact	NATURAL DISASTER
mud flow	NATURAL DISASTER
mudflow	NATURAL DISASTER
mud slide	NATURAL DISASTER
mudslide	NATURAL DISASTER
buried homes	NATURAL DISASTER
natural disaster	NATURAL DISASTER
pyroclastic	NATURAL DISASTER
snow storm	NATURAL DISASTER
snow storms	NATURAL DISASTER
storm damage	NATURAL DISASTER
severe weather	NATURAL DISASTER
powerful storm	NATURAL DISASTER
dumping snow	NATURAL DISASTER
tidal wave	NATURAL DISASTER
tornado	NATURAL DISASTER
tropical storm	NATURAL DISASTER
tsunami	NATURAL DISASTER
twister	NATURAL DISASTER
typhoon	NATURAL DISASTER
typhoons	NATURAL DISASTER
violent storm	NATURAL DISASTER
volcanic	NATURAL DISASTER
volcano	NATURAL DISASTER
weather emergency	NATURAL DISASTER
wildfire	NATURAL DISASTER
destructive wind	NATURAL DISASTER
bus	PUBLIC TRANSIT
minibus	PUBLIC TRANSIT
busing	PUBLIC TRANSIT
train	PUBLIC TRANSIT
subway	PUBLIC TRANSIT
metrorail	PUBLIC TRANSIT
public transportation	PUBLIC TRANSIT
public transport	PUBLIC TRANSIT
public transit	PUBLIC TRANSIT
light rail	PUBLIC TRANSIT
subsidy	SUBSIDIES
subsidize	SUBSIDIES
privatize	PRIVATIZATION
privatise	PRIVATIZATION
privatization	PRIVATIZATION
privatisation	PRIVATIZATION
currency reserve	CURRENCY RESERVES
currency assets	CURRENCY RESERVES
exchange reserve	CURRENCY RESERVES
forex reserve	CURRENCY RESERVES
dollar reserve	CURRENCY RESERVES
euro reserve	CURRENCY RESERVES
reserve currency	CURRENCY RESERVES
exchange rate	EXCHANGE RATE
foreign exchange	EXCHANGE RATE
foreign exchanges	EXCHANGE RATE
currency control	EXCHANGE RATE
exchange market	EXCHANGE RATE
against the dollar	EXCHANGE RATE
against the euro	EXCHANGE RATE
against the yen	EXCHANGE RATE
forex	EXCHANGE RATE
currency fluctuation	EXCHANGE RATE
rate of exchange	EXCHANGE RATE
trade dispute	TRADE DISPUTE
trade disputes	TRADE DISPUTE
antidumping	TRADE DISPUTE
anti dumping	TRADE DISPUTE
monopoly	MONOPOLY
monopolistic	MONOPOLY
monopolies	MONOPOLY
anti competitive	MONOPOLY
anticompetitive	MONOPOLY
black market	BLACK MARKET
blackmarket	BLACK MARKET
blackmarkets	BLACK MARKET
deregulation	DEREGULATION
deregulate	DEREGULATION
nationalize	NATIONALIZE
nationalizing	NATIONALIZE
nationalizes	NATIONALIZE
nationalizes	NATIONALIZE
interest rate	INTEREST RATES
benchmark rate	INTEREST RATES
lending rate	INTEREST RATES
prime rate	INTEREST RATES
mortgage rate	INTEREST RATES
overnight rate	INTEREST RATES
cost of borrowing	INTEREST RATES
interbank rate	INTEREST RATES
spot rate	INTEREST RATES
libor	INTEREST RATES
mibor	INTEREST RATES
interbank offered rate	INTEREST RATES
housing prices	HOUSING PRICES
rental prices	HOUSING PRICES
housing market	HOUSING PRICES
home prices	HOUSING PRICES
apartment prices	HOUSING PRICES
home sales	HOUSING PRICES
housing bubble	HOUSING PRICES
housing crash	HOUSING PRICES
real estate market	HOUSING PRICES
housing market	HOUSING PRICES
real estate	HOUSING PRICES
property market	HOUSING PRICES
property sales	HOUSING PRICES
property right	PROPERTY RIGHTS
land tenure	PROPERTY RIGHTS
land ownership	PROPERTY RIGHTS
eminent domain	PROPERTY RIGHTS
land confiscation	PROPERTY RIGHTS
confiscated land	PROPERTY RIGHTS
land grab	PROPERTY RIGHTS
poverty	POVERTY
homeless	POVERTY
homelessness	POVERTY
destitute	POVERTY
destitution	POVERTY
impoverished	POVERTY
low income	POVERTY
jobless	UNEMPLOYMENT
joblessness	UNEMPLOYMENT
unemployment	UNEMPLOYMENT
unemployed	UNEMPLOYMENT
on strike	LABOR STRIKE
general strike	LABOR STRIKE
striking	LABOR STRIKE
lock out	LABOR STRIKE
locked out	LABOR STRIKE
national strike	LABOR STRIKE
nationwide strike	LABOR STRIKE
statewide strike	LABOR STRIKE
strike unless	LABOR STRIKE
stage strike	LABOR STRIKE
off the job	LABOR STRIKE
will strike for	LABOR STRIKE
day strike	LABOR STRIKE
work stoppage	LABOR STRIKE
on continuous strike	LABOR STRIKE
lawyers strike	LABOR STRIKE
strike breaker	LABOR STRIKE
strike leader	LABOR STRIKE
strikebreaker	LABOR STRIKE
austerity	AUSTERITY
structural adjustment	AUSTERITY
unions	LABOR UNIONS
labor union	LABOR UNIONS
labour union	LABOR UNIONS
trade union	LABOR UNIONS
union leader	LABOR UNIONS
union leadership	LABOR UNIONS
union member	LABOR UNIONS
union membership	LABOR UNIONS
union steward	LABOR UNIONS
union stewards	LABOR UNIONS
shop steward	LABOR UNIONS
shop stewards	LABOR UNIONS
organized labor	LABOR UNIONS
organized labour	LABOR UNIONS
organised labour	LABOR UNIONS
work federation	LABOR UNIONS
unionized	LABOR UNIONS
unionizing	LABOR UNIONS
unionizes	LABOR UNIONS
collective bargaining	LABOR UNIONS
american federation of labor	LABOR UNIONS
afl	LABOR UNIONS
afl cio	LABOR UNIONS
teamsters	LABOR UNIONS
bankrupt	BANKRUPTCY
bankruptcy	BANKRUPTCY
bailout	BANKRUPTCY
bailouts	BANKRUPTCY
bail out	BAILOUT
vaccination	VACCINATION
vaccine	VACCINATION
vaccinate	VACCINATION
immunization	VACCINATION
immunize	VACCINATION
immunizations	VACCINATION
pandemic	ID PANDEMIC
sexually transmitted	SEXTRANS DISEASE
hiv	SEXTRANS DISEASE
aids virus	SEXTRANS DISEASE
aids infection	SEXTRANS DISEASE
aids diesease	SEXTRANS DISEASE
hivaids	SEXTRANS DISEASE
bacterial vaginosis	SEXTRANS DISEASE
chlamydia	SEXTRANS DISEASE
gonorrhea	SEXTRANS DISEASE
hepatitis	SEXTRANS DISEASE
herpes	SEXTRANS DISEASE
human papillomavirus	SEXTRANS DISEASE
pelvic inflammatory disease	SEXTRANS DISEASE
syphilis	SEXTRANS DISEASE
trichomoniasis	SEXTRANS DISEASE
hpv	SEXTRANS DISEASE
achondroplasia	DISEASE
acinetobacter baumannii	DISEASE
acinetobacter infections	DISEASE
acquired immune deficiency syndrome	DISEASE
actinomycosis	DISEASE
adenovirus	DISEASE
pathogen	DISEASE
pathogens	DISEASE
african horse sickness	DISEASE
african sleeping sickness	DISEASE
african swine fever	DISEASE
african trypanosomiasis	DISEASE
alopecia	DISEASE
alzheimer's	DISEASE
alzheimers	DISEASE
amblyopia	DISEASE
amebiasis	DISEASE
american trypanosomiasis	DISEASE
amoeba	DISEASE
anaplasmosis	DISEASE
anemia	DISEASE
aneurdu	DISEASE
anisakis	DISEASE
anosmia	DISEASE
anotia	DISEASE
anthrax	DISEASE
antibiotic resistance	DISEASE
apraxia	DISEASE
arenavirus	DISEASE
argyria	DISEASE
ascariasis	DISEASE
aseptic meningitis	DISEASE
aspergillosis	DISEASE
asthenia	DISEASE
asthma	DISEASE
astrovirus†infection	DISEASE
atherosclerosis	DISEASE
athetosis	DISEASE
avian cholera	DISEASE
avian influenza	DISEASE
listeria	DISEASE
listeriosis	DISEASE
avian flu	DISEASE
babesiosis	DISEASE
mers	DISEASE
bacillary dysentery	DISEASE
bacillus cereus†infection	DISEASE
bacteria	DISEASE
bacterial	DISEASE
bacterial meningitis	DISEASE
bacterial pneumonia	DISEASE
bacterial vaginosis	DISEASE
bacteroides	DISEASE
balantidiasis	DISEASE
bartonella	DISEASE
baylisascaris	DISEASE
beriberi	DISEASE
insect bite	DISEASE
insect bites	DISEASE
black death	DISEASE
black piedra	DISEASE
blastocystis hominis	DISEASE
blastomycosis	DISEASE
blue ear	DISEASE
bluetongue	DISEASE
borrelia	DISEASE
botulism	DISEASE
bovine pleuropneumonia	DISEASE
bovine tb	DISEASE
breast cancer	DISEASE
bronchitis	DISEASE
bronchitis/bronchiolitis	DISEASE
streptococcaceae	DISEASE
brucellosis	DISEASE
bse	DISEASE
bubonic plague	DISEASE
burkholderia	DISEASE
burkholderia cepacia	DISEASE
calculi	DISEASE
calicivirus	DISEASE
campylobacter	DISEASE
campylobacter infection	DISEASE
campylobacteriosis	DISEASE
cancer	DISEASE
candidiasis	DISEASE
canine distemper	DISEASE
canine influenza	DISEASE
carbon monoxide poisoning	DISEASE
cat scratch disease	DISEASE
celiacs disease	DISEASE
cellulitis	DISEASE
cerebral palsy	DISEASE
chagas disease	DISEASE
chalazion	DISEASE
chancroid	DISEASE
chavia	DISEASE
cherubism	DISEASE
chicken pox	DISEASE
chickenpox	DISEASE
chikungunya	DISEASE
chlamydia	DISEASE
chlamydia trachomatis	DISEASE
chlamydophila pneumoniae†infection	DISEASE
cholera	DISEASE
chordoma	DISEASE
chorea	DISEASE
chromoblastomycosis	DISEASE
chronic fatigue syndrome	DISEASE
chronic/non infectious disease	DISEASE
chronic wasting disease	DISEASE
circadian rhythm sleep disorder	DISEASE
circovirus	DISEASE
citrobacter freundii	DISEASE
swine fever	DISEASE
clonorchiasis	DISEASE
clostridial myonecrosis	DISEASE
clostridium difficile†infection	DISEASE
coccidioidomycosis	DISEASE
colitis	DISEASE
colorado tick fever	DISEASE
common cold	DISEASE
condyloma	DISEASE
conjunctivitis	DISEASE
coronavirus	DISEASE
coronaviruses	DISEASE
cowpox	DISEASE
cretinism	DISEASE
creutzfeld jacob	DISEASE
creutzfeldt jakob disease	DISEASE
crimean congo hemorrhagic fever	DISEASE
crohn's disease	DISEASE
cryptococcosis	DISEASE
cryptosporidiosis	DISEASE
cryptosporidium	DISEASE
cutaneous larva migrans	DISEASE
cyclospora	DISEASE
cyclosporiasis	DISEASE
cysticercosis	DISEASE
cytomegalovirus	DISEASE
dengue	DISEASE
dengue fever	DISEASE
diarrhea	DISEASE
dientamoebiasis	DISEASE
diphtheria	DISEASE
diphyllobothriasis	DISEASE
donovanosis	DISEASE
dracunculiasis	DISEASE
dysentery	DISEASE
ear infection	DISEASE
encephalitis	DISEASE
ebola	DISEASE
ebola†hemorrhagic fever	DISEASE
echinococcosis	DISEASE
e coli	DISEASE
e. coli	DISEASE
ecoli	DISEASE
ehrlichiosis	DISEASE
elephantiasis	DISEASE
emphysema	DISEASE
endemic typhus	DISEASE
enterobacter cloacae	DISEASE
enterobiasis	DISEASE
enterococcus	DISEASE
enterovirus	DISEASE
eosinophilia	DISEASE
epidemic typhus	DISEASE
epizootic hemorrhagic disease	DISEASE
epstein barr virus infectious mononucleosis	DISEASE
equine herpes virus	DISEASE
equine infectious anemia	DISEASE
equine influenza	DISEASE
erythema infectiosum	DISEASE
exanthem subitum	DISEASE
fascioliasis	DISEASE
fasciolopsiasis	DISEASE
fasciolosis	DISEASE
fatal familial insomnia	DISEASE
feline immunodeficiency virus	DISEASE
feline infectious peritonitis	DISEASE
feline leukemia virus	DISEASE
feline panleukopenia virus	DISEASE
fever	DISEASE
filariasis	DISEASE
flea borne disease	DISEASE
flu	DISEASE
foodborne illness	DISEASE
food poisoning	DISEASE
food related toxin	DISEASE
foot and mouth	DISEASE
foot and mouth disease	DISEASE
foot fungus	DISEASE
fungal disease	DISEASE
fungal meningitis	DISEASE
fusobacterium†infection	DISEASE
gangrene	DISEASE
gas gangrene	DISEASE
gastroenteritis	DISEASE
genital herpes	DISEASE
geotrichosis	DISEASE
gerstmann str‰ussler scheinker syndrome	DISEASE
giardiasis	DISEASE
glanders	DISEASE
gnathostoma	DISEASE
gnathostomiasis	DISEASE
goitre	DISEASE
gonorrhea	DISEASE
granuloma inguinale	DISEASE
streptococcal	DISEASE
strep throat	DISEASE
guillain barre	DISEASE
guinea worm	DISEASE
hand foot and mouth disease	DISEASE
hand, foot and mouth disease	DISEASE
hantavirus	DISEASE
helicobacter pylori†infection	DISEASE
hemorrhagic fever	DISEASE
hepatitis	DISEASE
herpes	DISEASE
herpes simplex	DISEASE
herpes zoster	DISEASE
hfm coxsackiea	DISEASE
hfm enterovirus71	DISEASE
h. influenzae	DISEASE
histiocytosis	DISEASE
histoplasmosis	DISEASE
hiv	DISEASE
hiv/aids	DISEASE
hookworm	DISEASE
hospital related infection	DISEASE
hpv	DISEASE
h. pylori	DISEASE
human bocavirus	DISEASE
human ewingii ehrlichiosis	DISEASE
human granulocytic anaplasmosis	DISEASE
human metapneumovirus	DISEASE
human monocytic ehrlichiosis	DISEASE
human papillomavirus	DISEASE
human parainfluenza	DISEASE
huntington's disease	DISEASE
hymenolepiasis	DISEASE
hypermetropia	DISEASE
hyperopia	DISEASE
hyperthyroidism	DISEASE
hypothermia	DISEASE
hypothyroid	DISEASE
hypotonia	DISEASE
ignious syndrome	DISEASE
impetigo	DISEASE
blood poisoning	DISEASE
infection	DISEASE
infertility	DISEASE
influenza	DISEASE
interstitial cystitis	DISEASE
iritis	DISEASE
anemia	DISEASE
irritable bowel syndrome	DISEASE
isosporiasis	DISEASE
jaundice	DISEASE
kawasaki disease	DISEASE
keloids	DISEASE
keratitis	DISEASE
kingella kingae†infection	DISEASE
klebsiella pneumoniae	DISEASE
laryngitis	DISEASE
lassa fever	DISEASE
lead poisoning	DISEASE
legionellosis	DISEASE
legionnaires'	DISEASE
legionnaires disease	DISEASE
leishmaniasis	DISEASE
leprosy	DISEASE
leptospirosis	DISEASE
leukemia	DISEASE
lice	DISEASE
listeriosis	DISEASE
liver fluke	DISEASE
lockjaw	DISEASE
loiasis	DISEASE
lung cancer	DISEASE
lupus erythematosus	DISEASE
lyme borreliosis	DISEASE
lyme disease	DISEASE
lymphatic filariasis†	DISEASE
lymphocytic choriomeningitis	DISEASE
lymphogranuloma venereum	DISEASE
lymphoma	DISEASE
machupo virus	DISEASE
mad cow disease	DISEASE
malaria	DISEASE
marburg fever	DISEASE
marburg†hemorrhagic fever	DISEASE
mattticular syndrome	DISEASE
measles	DISEASE
melanoma	DISEASE
melioidosis	DISEASE
mÈniËre's disease	DISEASE
meningitis	DISEASE
meningococcal disease	DISEASE
skin cancer	DISEASE
metagonimiasis	DISEASE
metastatic cancer	DISEASE
microsporidiosis	DISEASE
migraine	DISEASE
molluscum contagiosum	DISEASE
moniliasis	DISEASE
monkeypox	DISEASE
mononucleosis	DISEASE
morquio syndrome	DISEASE
mrsa	DISEASE
mucormycosis	DISEASE
multiple myeloma	DISEASE
multiple sclerosis	DISEASE
mumps	DISEASE
murine typhus	DISEASE
murray valley encephalitis	DISEASE
muscular dystrophy	DISEASE
myasthenia gravis	DISEASE
mycetoma	DISEASE
mycobacteria	DISEASE
mycoplasma pneumonia	DISEASE
myelitis	DISEASE
myiasis	DISEASE
myoclonus	DISEASE
myopia	DISEASE
myxedema	DISEASE
necrotizing fasciitis	DISEASE
neonatal conjunctivitis	DISEASE
neoplasm	DISEASE
newcastle disease	DISEASE
night blindness	DISEASE
river blindness	DISEASE
nipah/hendra virus	DISEASE
nocardiosis	DISEASE
non gonococcal urethritis	DISEASE
norovirus	DISEASE
obesity	DISEASE
obese	DISEASE
ocular larva migrans	DISEASE
onchocerciasis	DISEASE
onychomycosis	DISEASE
ophthalmia neonatorum	DISEASE
osteoarthritis	DISEASE
osteoporosis	DISEASE
otitis	DISEASE
otitis media	DISEASE
outbreak	DISEASE
aeruginosa	DISEASE
palindromic rheumatism	DISEASE
paracoccidioidomycosis	DISEASE
paragonimiasis	DISEASE
paragonimus	DISEASE
paralytic shellfish poisoning	DISEASE
paratyphoid fever	DISEASE
parkinson's disease	DISEASE
parotitis	DISEASE
parvovirus	DISEASE
pasteurellosis	DISEASE
pediculosis capitis	DISEASE
pediculosis corporis	DISEASE
pediculosis pubis	DISEASE
pelvic inflammatory disease	DISEASE
periodontal disease	DISEASE
peritonitis	DISEASE
pertussis	DISEASE
phenylketonuria	DISEASE
pilia	DISEASE
pinworm	DISEASE
pityriasis versicolor	DISEASE
plague	DISEASE
pneumococcal	DISEASE
pneumonia	DISEASE
fish dieoff	DISEASE
dieoff of fish	DISEASE
boil order	DISEASE
poisoning	DISEASE
poisoned	DISEASE
fever	DISEASE
hemorrhagic	DISEASE
zoonoses	DISEASE
h7n9	DISEASE
polio	DISEASE
poliomyelitis	DISEASE
pontiac fever	DISEASE
porcine circovirus	DISEASE
porphyria	DISEASE
prevotella†infection	DISEASE
primary amoebic meningoencephalitis	DISEASE
progeria	DISEASE
progressive multifocal leukoencephalopathy	DISEASE
prostatitis	DISEASE
proteus mirabilis	DISEASE
protozoa	DISEASE
psittacosis	DISEASE
pulmonary embolism	DISEASE
rabies	DISEASE
rash	DISEASE
rat bite fever	DISEASE
relapsing fever	DISEASE
respiratory illness	DISEASE
respiratory syncytial virus	DISEASE
respiratory syncytial virus†infection	DISEASE
rheumatic fever	DISEASE
rheumatic heart	DISEASE
rheumatism	DISEASE
rheumatoid arthritis	DISEASE
rhinopharyngitis	DISEASE
rhinosporidiosis	DISEASE
rhinovirus†infection	DISEASE
rickets	DISEASE
rickettsia	DISEASE
rickettsialpox	DISEASE
rickettsial†infection	DISEASE
rift valley fever	DISEASE
ringworm	DISEASE
river blindness	DISEASE
rocky mountain spotted fever	DISEASE
roseola	DISEASE
ross river virus	DISEASE
rotavirus	DISEASE
rubella	DISEASE
salmonella	DISEASE
salmonellosis	DISEASE
sapovirus	DISEASE
sars	DISEASE
scabies	DISEASE
scarlet fever	DISEASE
schistosomiasis	DISEASE
schizophrenia	DISEASE
schmallenberg	DISEASE
sciatica	DISEASE
scleroderma	DISEASE
scrapie	DISEASE
scrub typhus	DISEASE
scurvy	DISEASE
sepsis	DISEASE
septicemia	DISEASE
serratia marcescens	DISEASE
severe acute respiratory syndrome	DISEASE
sexually transmitted infection	DISEASE
sexually transmitted infections	DISEASE
sexually transmitted disease	DISEASE
sexually transmitted diseases	DISEASE
sheep pox	DISEASE
goat pox	DISEASE
pox	DISEASE
shigellosis	DISEASE
shingles	DISEASE
sickle cell anemia	DISEASE
siderosis	DISEASE
sudden infant death syndrome	DISEASE
silicosis	DISEASE
smallpox	DISEASE
smallpox related	DISEASE
south american blastomycosis	DISEASE
soybean rust	DISEASE
sporotrichosis	DISEASE
staph	DISEASE
staphylococcal food poisoning	DISEASE
staphylococcal infection	DISEASE
stenotrophomonas maltophilia	DISEASE
stevens johnson syndrome	DISEASE
stomach flu	DISEASE
stomach ulcers	DISEASE
ulcer	DISEASE
ulcers	DISEASE
strabismus	DISEASE
strep	DISEASE
strep throat	DISEASE
streptococcal infection	DISEASE
strongyloidiasis	DISEASE
swine flu h1n1	DISEASE
swine flu h3n2	DISEASE
swine flu	DISEASE
swine influenza	DISEASE
synovitis	DISEASE
syphilis	DISEASE
taeniasis	DISEASE
tay sachs disease	DISEASE
teratoma	DISEASE
tetanus	DISEASE
thalassaemia	DISEASE
thrush	DISEASE
thymoma	DISEASE
tick borne illness	DISEASE
tick borne disease	DISEASE
tick borne encephalitis	DISEASE
tinea barbae	DISEASE
tinea blanca	DISEASE
tinea capitis	DISEASE
tinea corporis	DISEASE
tinea cruris	DISEASE
tinea manuum	DISEASE
tinea nigra	DISEASE
tinea pedis	DISEASE
tinea unguium	DISEASE
tinea versicolor	DISEASE
tinnitus	DISEASE
tonsillitis	DISEASE
tooth decay	DISEASE
dental decay	DISEASE
toxic shock syndrome	DISEASE
toxocariasis	DISEASE
toxocariasis†	DISEASE
toxoplasmosis	DISEASE
trachoma	DISEASE
trichinellosis	DISEASE
trichinosis	DISEASE
trichomoniasis	DISEASE
trichuriasis	DISEASE
trisomy	DISEASE
trypanosomiasis	DISEASE
tuberculosis	DISEASE
tularemia	DISEASE
tumor	DISEASE
tungiasis	DISEASE
typhoid	DISEASE
typhoid fever	DISEASE
typhus	DISEASE
ulcerative colitis	DISEASE
undiagnosed	DISEASE
dyslexia	DISEASE
heart defect	DISEASE
tumour	DISEASE
uremia	DISEASE
urticaria	DISEASE
uveitis	DISEASE
vaccine complication	DISEASE
valley fever	DISEASE
vancomycin resistant enterococci	DISEASE
varicella	DISEASE
variola	DISEASE
vasovagal syncope	DISEASE
venezuelan equine encephalitis	DISEASE
venezuelan hemorrhagic fever	DISEASE
vesicular stomatitis	DISEASE
vibrio parahaemolyticus	DISEASE
vibrio vulnificus	DISEASE
viral fever	DISEASE
viral meningitis	DISEASE
viral pneumonia	DISEASE
visceral larva migrans	DISEASE
von hippel lindau disease	DISEASE
warkany syndrome	DISEASE
waterborne illness	DISEASE
waterborne disease	DISEASE
western equine encephalitis	DISEASE
eastern equine encephalitis	DISEASE
west nile fever	DISEASE
west nile virus	DISEASE
whipworm	DISEASE
white nose syndrome	DISEASE
white piedra	DISEASE
whitmore's disease	DISEASE
whooping cough	DISEASE
yellow fever	DISEASE
yersinia pseudotuberculosis†infection	DISEASE
yersiniosis	DISEASE
zygomycosis	DISEASE
jihad	ID JIHAD
jihadi	ID JIHAD
jihadist	ID JIHAD
holy war	ID JIHAD
suicide plot	TERROR
terror attack	TERROR
terror plot	TERROR
terrorist	TERROR
terrorism	TERROR
suicide vest	TERROR
car bomb	TERROR
truck bomb	TERROR
vehicle bomb	TERROR
suicide attack	SUICIDE ATTACK
suicide attacks	SUICIDE ATTACK
suicide bombing	SUICIDE ATTACK
suicide bomb	SUICIDE ATTACK
suicide bomber	SUICIDE ATTACK
blew himself	SUICIDE ATTACK
blew herself	SUICIDE ATTACK
blew themselves	SUICIDE ATTACK
blowing himself	SUICIDE ATTACK
blowing herself	SUICIDE ATTACK
blowing themselves	SUICIDE ATTACK
abdullah azzam brigade	NAMED TERROR GROUP
abdullah azzam brigades	NAMED TERROR GROUP
abdullah azzam shaheed brigade	NAMED TERROR GROUP
abdullah azzam shaheed brigades	NAMED TERROR GROUP
abdurajak janjalani brigade	NAMED TERROR GROUP
abdurajak janjalani brigades	NAMED TERROR GROUP
abu bakar battalion	NAMED TERROR GROUP
abu bakar battalions	NAMED TERROR GROUP
abu dujana al afghani	NAMED TERROR GROUP
abu dujana al afghanis	NAMED TERROR GROUP
abu hafs al masri brigade	NAMED TERROR GROUP
abu nayaf al afghani	NAMED TERROR GROUP
abu nayaf al afghanis	NAMED TERROR GROUP
abu nidal organization	NAMED TERROR GROUP
abu nidal organisation	NAMED TERROR GROUP
abu sayyaf	NAMED TERROR GROUP
abu sayyafs	NAMED TERROR GROUP
abu sihel movement	NAMED TERROR GROUP
accolta nazinuale corsa	NAMED TERROR GROUP
aceh security disturbance movement	NAMED TERROR GROUP
achik national volunteer council	NAMED TERROR GROUP
action committee of winegrowers	NAMED TERROR GROUP
aden abyan islamic army	NAMED TERROR GROUP
aden abyan islamic army	NAMED TERROR GROUP
aden islamic army	NAMED TERROR GROUP
afrikaner resistance movement	NAMED TERROR GROUP
afro american liberation army	NAMED TERROR GROUP
al ahwal brigades	NAMED TERROR GROUP
al ahwal horrors brigades	NAMED TERROR GROUP
al aqsa foundation	NAMED TERROR GROUP
al aqsa martyrs brigades	NAMED TERROR GROUP
al arifeen squad	NAMED TERROR GROUP
al badhr mujahidin	NAMED TERROR GROUP
al badhr mujahidins	NAMED TERROR GROUP
al badr	NAMED TERROR GROUP
jiash e muhammad	NAMED TERROR GROUP
jaish e mohammad	NAMED TERROR GROUP
jaish e muhammad	NAMED TERROR GROUP
jaish e mohammed	NAMED TERROR GROUP
albanian national army	NAMED TERROR GROUP
al bara bin malek brigades	NAMED TERROR GROUP
al bara bin malek martyrs brigade	NAMED TERROR GROUP
alejo calatayu	NAMED TERROR GROUP
alex boncayao brigade	NAMED TERROR GROUP
al faran	NAMED TERROR GROUP
al faruq brigade	NAMED TERROR GROUP
al fatah uprising	NAMED TERROR GROUP
al fuqra	NAMED TERROR GROUP
al fursan brigade	NAMED TERROR GROUP
al gama a al islamiyya	NAMED TERROR GROUP
al gamaa al islamiyya	NAMED TERROR GROUP
al gama a al islamiyyas	NAMED TERROR GROUP
al gamaa al islamiyyas	NAMED TERROR GROUP
al gamat al islamiya	NAMED TERROR GROUP
al gamat al islamiyas	NAMED TERROR GROUP
al ghurabaa	NAMED TERROR GROUP
al harakat al islamiyah	NAMED TERROR GROUP
al haramain foundation	NAMED TERROR GROUP
al haramayn brigade	NAMED TERROR GROUP
al hassan al basri battalion	NAMED TERROR GROUP
al hizb a suri al qawmi al ijtimaee	NAMED TERROR GROUP
al hizb ul islam	NAMED TERROR GROUP
alianca libertadora nacional	NAMED TERROR GROUP
al imam al hassan al basri brigade	NAMED TERROR GROUP
al intiqami al pakistani	NAMED TERROR GROUP
al islambouli brigades	NAMED TERROR GROUP
al islambouli brigades of al qaeda	NAMED TERROR GROUP
al islambouli brigades of al qaedas	NAMED TERROR GROUP
ansar beit al maqdis	NAMED TERROR GROUP
ansar bait al maqdis	NAMED TERROR GROUP
mombasa republican council	NAMED TERROR GROUP
al islambouli brigade	NAMED TERROR GROUP
al itihaad al islamiya	NAMED TERROR GROUP
al itihaad al islamiyas	NAMED TERROR GROUP
al ittihaad al islami	NAMED TERROR GROUP
al ittihaad al islamis	NAMED TERROR GROUP
islamic state of iraq	NAMED TERROR GROUP
ad dawla al islamiyya fi al irāq wa sh sham	NAMED TERROR GROUP
al jabha al dimuqratiyya li tahrir filastin	NAMED TERROR GROUP
al jabha ash shaabiya li tahrir falastin	NAMED TERROR GROUP
al jamaa al islamiyyah al muqatilah bi libya	NAMED TERROR GROUP
al jamaah al islamiyah al musallah	NAMED TERROR GROUP
al jamaah al islamiyah al musallahs	NAMED TERROR GROUP
al jihad	NAMED TERROR GROUP
al jihad al islami	NAMED TERROR GROUP
all burma students democratic front	NAMED TERROR GROUP
allied democratic forces	NAMED TERROR GROUP
all india jihad committee	NAMED TERROR GROUP
all tripura tiger force	NAMED TERROR GROUP
all tripura tribal force	NAMED TERROR GROUP
al madina group	NAMED TERROR GROUP
al madinah group	NAMED TERROR GROUP
al madina regiment	NAMED TERROR GROUP
al mansoorain	NAMED TERROR GROUP
al medina group	NAMED TERROR GROUP
al nawaz	NAMED TERROR GROUP
al omar mujahideen	NAMED TERROR GROUP
al qaeda	NAMED TERROR GROUP
al qaeda in iraq	NAMED TERROR GROUP
al qaeda in the arabian peninsula	NAMED TERROR GROUP
al qaida in the arabian peninsula	NAMED TERROR GROUP
al qa'ida in the arabian peninsula	NAMED TERROR GROUP
aqap	NAMED TERROR GROUP
al qaeda in the islamic maghreb	NAMED TERROR GROUP
al qa‘ida in the lands of the islamic maghreb	NAMED TERROR GROUP
al qaida in the lands of the islamic maghreb	NAMED TERROR GROUP
al qaeda in the lands of the islamic maghreb	NAMED TERROR GROUP
al qaeda in mesopotamia	NAMED TERROR GROUP
aqim	NAMED TERROR GROUP
salafist group for preaching and combat	NAMED TERROR GROUP
groupe salafiste pour la predication et le combat	NAMED TERROR GROUP
qaedat al jihad ﬁ bilad al maghrib al islami	NAMED TERROR GROUP
al qaeda organization	NAMED TERROR GROUP
al qaida	NAMED TERROR GROUP
al qaida in syria	NAMED TERROR GROUP
al qaida in egypt	NAMED TERROR GROUP
al qanoon	NAMED TERROR GROUP
al sadr brigade	NAMED TERROR GROUP
al shabaab	NAMED TERROR GROUP
el shabaab	NAMED TERROR GROUP
al tawhid	NAMED TERROR GROUP
al umar mujahideen	NAMED TERROR GROUP
al umma	NAMED TERROR GROUP
all india jihad committee	NAMED TERROR GROUP
al zarqawi network	NAMED TERROR GROUP
al zulfikar	NAMED TERROR GROUP
anarchist faction	NAMED TERROR GROUP
anarchist faction for subversion	NAMED TERROR GROUP
anarchist liberation brigade	NAMED TERROR GROUP
anarchist street patrol	NAMED TERROR GROUP
andres castro united front	NAMED TERROR GROUP
animal liberation front	NAMED TERROR GROUP
anjuman sipah e sahaba	NAMED TERROR GROUP
anjuman sipah e sahabas	NAMED TERROR GROUP
ansar al din	NAMED TERROR GROUP
ansar al islam	NAMED TERROR GROUP
ansar al jihad	NAMED TERROR GROUP
ansar allah	NAMED TERROR GROUP
ansar allahs	NAMED TERROR GROUP
ansar al qaeda europe	NAMED TERROR GROUP
ansar al qaeda europes	NAMED TERROR GROUP
ansar al sharia	NAMED TERROR GROUP
ansar al sunnah army	NAMED TERROR GROUP
ansar dine	NAMED TERROR GROUP
ansaru	NAMED TERROR GROUP
anti american arab liberation front	NAMED TERROR GROUP
anti armenian organization	NAMED TERROR GROUP
anti capitalist attack nuclei	NAMED TERROR GROUP
anti imperialist cell	NAMED TERROR GROUP
anti imperialist international brigade	NAMED TERROR GROUP
anti imperialist territorial nuclei	NAMED TERROR GROUP
anti terrorist liberation group	NAMED TERROR GROUP
anti zionist movement	NAMED TERROR GROUP
apo's revenge hawks	NAMED TERROR GROUP
apo'nun intikam sahinler	NAMED TERROR GROUP
apo's youth revenge brigade	NAMED TERROR GROUP
april 19 movement	NAMED TERROR GROUP
arab communist organization	NAMED TERROR GROUP
arab communist revolutionary party	NAMED TERROR GROUP
arab liberation front	NAMED TERROR GROUP
arab national youth organization	NAMED TERROR GROUP
arab revolutionary brigade	NAMED TERROR GROUP
arab revolutionary council	NAMED TERROR GROUP
armata corsa	NAMED TERROR GROUP
armata di liberazione naziunale	NAMED TERROR GROUP
armed berber group	NAMED TERROR GROUP
armed communist combatants	NAMED TERROR GROUP
armed communist league	NAMED TERROR GROUP
armed forces of national liberation	NAMED TERROR GROUP
armed forces of national resistance	NAMED TERROR GROUP
armed islamic group	NAMED TERROR GROUP
armed islamic group of algeria	NAMED TERROR GROUP
armed islamic groups	NAMED TERROR GROUP
armed nationalist revolutionary faction	NAMED TERROR GROUP
armed revolutionary action	NAMED TERROR GROUP
armed revolutionary left	NAMED TERROR GROUP
armee islamique du salut	NAMED TERROR GROUP
armenian red army	NAMED TERROR GROUP
armenian red armys	NAMED TERROR GROUP
armenian resistance group	NAMED TERROR GROUP
armenian revolutionary army	NAMED TERROR GROUP
army of god	NAMED TERROR GROUP
army of islam	NAMED TERROR GROUP
army of islamic salvation	NAMED TERROR GROUP
army of jhangvi	NAMED TERROR GROUP
army of mohammed	NAMED TERROR GROUP
army of muhammed	NAMED TERROR GROUP
army of national liberation	NAMED TERROR GROUP
army of the levant	NAMED TERROR GROUP
army of the prophet	NAMED TERROR GROUP
army of the pure	NAMED TERROR GROUP
army of the righteous	NAMED TERROR GROUP
arnoldo camu command	NAMED TERROR GROUP
arsonists of conscience	NAMED TERROR GROUP
aryan nation	NAMED TERROR GROUP
aryan republican army	NAMED TERROR GROUP
aryan resistance army	NAMED TERROR GROUP
asaib ahl al haq	NAMED TERROR GROUP
asbat al ansar	NAMED TERROR GROUP
association for solidarity perspectives	NAMED TERROR GROUP
association of revolutionary workers	NAMED TERROR GROUP
august 23 movement	NAMED TERROR GROUP
aum aleph	NAMED TERROR GROUP
aum supreme truth	NAMED TERROR GROUP
aum shinrikyo	NAMED TERROR GROUP
aum shinsen	NAMED TERROR GROUP
aum shinri kyo	NAMED TERROR GROUP
autonomia sinistra ante parlamentare	NAMED TERROR GROUP
autonomous cell of rebel action	NAMED TERROR GROUP
azad hind sena	NAMED TERROR GROUP
baader meinhof gang	NAMED TERROR GROUP
baader meinhof group	NAMED TERROR GROUP
babbar khalsa	NAMED TERROR GROUP
babbar khalsa international	NAMED TERROR GROUP
badr forces	NAMED TERROR GROUP
bagramyan battalion	NAMED TERROR GROUP
balochistan liberation army	NAMED TERROR GROUP
baloch liberation army	NAMED TERROR GROUP
baluchistan liberation army	NAMED TERROR GROUP
barisan revolusi nasional melayu pattani	NAMED TERROR GROUP
basque fatherland and freedom	NAMED TERROR GROUP
basque fatherland and liberty	NAMED TERROR GROUP
basque homeland and freedom	NAMED TERROR GROUP
bavarian liberation army	NAMED TERROR GROUP
bhutan tiger force	NAMED TERROR GROUP
biplobi communist party	NAMED TERROR GROUP
birsa commando force	NAMED TERROR GROUP
black brigade of lebanon	NAMED TERROR GROUP
black liberation army	NAMED TERROR GROUP
black panther	NAMED TERROR GROUP
black revolutionary assault team	NAMED TERROR GROUP
bodo liberation tiger force	NAMED TERROR GROUP
bodo liberation tigers	NAMED TERROR GROUP
bodo security force	NAMED TERROR GROUP
bodu bala sena	NAMED TERROR GROUP
boko haram	NAMED TERROR GROUP
boko harem	NAMED TERROR GROUP
bolivarian guerrilla movement	NAMED TERROR GROUP
bolivarian liberation force	NAMED TERROR GROUP
borok national council of tripura	NAMED TERROR GROUP
bougainville revolutionary army	NAMED TERROR GROUP
breton revolutionary army	NAMED TERROR GROUP
brigades of imam al hassan al basri	NAMED TERROR GROUP
bushnegro jungle commandos	NAMED TERROR GROUP
cambodian freedom fighters	NAMED TERROR GROUP
carapaica revolutionary group	NAMED TERROR GROUP
carapaica revolutionary movement	NAMED TERROR GROUP
catholic reaction force	NAMED TERROR GROUP
caucasus emirate	NAMED TERROR GROUP
chaotic attack front	NAMED TERROR GROUP
charles martel group	NAMED TERROR GROUP
che guevara brigade	NAMED TERROR GROUP
che guevara international brigade	NAMED TERROR GROUP
christian anti moslem organization	NAMED TERROR GROUP
christian defense league	NAMED TERROR GROUP
christian identity movement	NAMED TERROR GROUP
christian patriots defense league	NAMED TERROR GROUP
chukaku ha	NAMED TERROR GROUP
cinchonero peoples liberation movement	NAMED TERROR GROUP
cinchoneros popular liberation movement	NAMED TERROR GROUP
clandestini corsi	NAMED TERROR GROUP
combatant fighting nucleus	NAMED TERROR GROUP
combatant proletarian nucleus	NAMED TERROR GROUP
communist combatant cell	NAMED TERROR GROUP
communist combatant party	NAMED TERROR GROUP
communist league of west germany	NAMED TERROR GROUP
communist party of germany	NAMED TERROR GROUP
communist party of india	NAMED TERROR GROUP
communist party of india  janashakti	NAMED TERROR GROUP
communist party of marxist leninist	NAMED TERROR GROUP
communist party of marxists leninists	NAMED TERROR GROUP
communist party of nepal maoist	NAMED TERROR GROUP
communist party of the philippines	NAMED TERROR GROUP
communist party of turkey	NAMED TERROR GROUP
communist revolutionaries in europe	NAMED TERROR GROUP
communist worker movement	NAMED TERROR GROUP
congolese democratic coalition	NAMED TERROR GROUP
congolese rally for democracy	NAMED TERROR GROUP
conscientious arsonists	NAMED TERROR GROUP
conspiracy of fire nuclei	NAMED TERROR GROUP
continuity army council	NAMED TERROR GROUP
continuity ira	NAMED TERROR GROUP
real ira	NAMED TERROR GROUP
true ira	NAMED TERROR GROUP
continuity irish republican army	NAMED TERROR GROUP
contras	NAMED TERROR GROUP
cornish national liberation army	NAMED TERROR GROUP
corsican army	NAMED TERROR GROUP
corsican patriotic front	NAMED TERROR GROUP
corsican revolutionary armed forces	NAMED TERROR GROUP
corsican revolutionary armed front	NAMED TERROR GROUP
croatian democratic union	NAMED TERROR GROUP
croatian freedom fighters	NAMED TERROR GROUP
cuban liberator army	NAMED TERROR GROUP
cumann na mban	NAMED TERROR GROUP
cypriot nationalist organization	NAMED TERROR GROUP
dagestan liberation army	NAMED TERROR GROUP
dakshin desh	NAMED TERROR GROUP
deccan mujahedin	NAMED TERROR GROUP
december 20 movement	NAMED TERROR GROUP
december 20 torrijist patriotic vanguard	NAMED TERROR GROUP
deendar anjuman	NAMED TERROR GROUP
democratic karen buddhist army	NAMED TERROR GROUP
democratic karen buddhist association	NAMED TERROR GROUP
democratic karen buddhist organization	NAMED TERROR GROUP
democratic party of angola	NAMED TERROR GROUP
democratic peoples unions	NAMED TERROR GROUP
dukhtaran e millat	NAMED TERROR GROUP
earth liberation front	NAMED TERROR GROUP
eastern turkistan islamic movement	NAMED TERROR GROUP
eastern turkistan islamic party	NAMED TERROR GROUP
eastern turkistan liberation organization	NAMED TERROR GROUP
east turkestan information center	NAMED TERROR GROUP
east turkestan islamic movement	NAMED TERROR GROUP
east turkestan liberation organization	NAMED TERROR GROUP
east turkestan party	NAMED TERROR GROUP
east turkistan liberation organization	NAMED TERROR GROUP
ecuadorian rebel force	NAMED TERROR GROUP
egyptian islamic jihad	NAMED TERROR GROUP
ejercito del pueblo en armas	NAMED TERROR GROUP
epb movimiento popular revolucionario	NAMED TERROR GROUP
eritrean islamic jihad	NAMED TERROR GROUP
eritrean islamic jihad movement	NAMED TERROR GROUP
eritrean liberation front	NAMED TERROR GROUP
eritrean people's liberation front	NAMED TERROR GROUP
eta army	NAMED TERROR GROUP
eta bomber	NAMED TERROR GROUP
eta forces	NAMED TERROR GROUP
eta soldier	NAMED TERROR GROUP
eta terrorist	NAMED TERROR GROUP
ethiopian people's revolutionary army	NAMED TERROR GROUP
factions armees revolutionnaires libanaises	NAMED TERROR GROUP
fallujah mujahideen	NAMED TERROR GROUP
farabundo marti national liberation front	NAMED TERROR GROUP
farabundo marti popular liberation force	NAMED TERROR GROUP
farc	NAMED TERROR GROUP
fatah abu musa	NAMED TERROR GROUP
fatah revolutionary council	NAMED TERROR GROUP
fatherland and liberty nationalist front	NAMED TERROR GROUP
february 28 popular leagues	NAMED TERROR GROUP
fedayeen al islam	NAMED TERROR GROUP
fedayeen khalq	NAMED TERROR GROUP
fedayeen khalq organization	NAMED TERROR GROUP
fedayeen khalqs	NAMED TERROR GROUP
fighting guerrillas of may	NAMED TERROR GROUP
fighting islamic group	NAMED TERROR GROUP
first october anti fascist resistance group	NAMED TERROR GROUP
first october antifascist resistance group	NAMED TERROR GROUP
fourth reich skinheads	NAMED TERROR GROUP
free aceh movement	NAMED TERROR GROUP
gerakan aceh merdeka	NAMED TERROR GROUP
acheh sumatra national liberation front	NAMED TERROR GROUP
freedom german workers party	NAMED TERROR GROUP
free papua movement	NAMED TERROR GROUP
friends of freedom for germany	NAMED TERROR GROUP
front for defenders of islam	NAMED TERROR GROUP
front islamique du salut	NAMED TERROR GROUP
front of justice and revenge	NAMED TERROR GROUP
fuerzas armadas de liberation nacional	NAMED TERROR GROUP
gazteriak	NAMED TERROR GROUP
german communist party	NAMED TERROR GROUP
german comradeship league of wilhelmshaven	NAMED TERROR GROUP
german homeland association	NAMED TERROR GROUP
german people's union	NAMED TERROR GROUP
god's oppressed army	NAMED TERROR GROUP
golden dawn	NAMED TERROR GROUP
gora euskadi askatuta	NAMED TERROR GROUP
great eastern islamic raiders' front	NAMED TERROR GROUP
greek anti dictatorial youth	NAMED TERROR GROUP
greek anti regime movement laos 11	NAMED TERROR GROUP
greek bulgarian armenian front	NAMED TERROR GROUP
greek liberation army	NAMED TERROR GROUP
group of carlo giuliani	NAMED TERROR GROUP
group revolutionary reconstruction	NAMED TERROR GROUP
guadeloupe liberation army	NAMED TERROR GROUP
guardsmen of islam	NAMED TERROR GROUP
guatemalan labor party	NAMED TERROR GROUP
guatemalan national revolutionary unity	NAMED TERROR GROUP
guerrilla army of the poor	NAMED TERROR GROUP
guevarista revolutionary army	NAMED TERROR GROUP
gush emunim	NAMED TERROR GROUP
gwenn ha du	NAMED TERROR GROUP
hamas	NAMED TERROR GROUP
hamas of iraq	NAMED TERROR GROUP
hammerskin nation	NAMED TERROR GROUP
haqqani network	NAMED TERROR GROUP
harakat al jihad al islami fi filastin	NAMED TERROR GROUP
harakat al muqawammah al islammiyya	NAMED TERROR GROUP
harakat al shuhada'a al islamiyah	NAMED TERROR GROUP
harakat ul alami	NAMED TERROR GROUP
harakat ul jihad i islami	NAMED TERROR GROUP
harakat ul mujahideen	NAMED TERROR GROUP
harakat ul mujahidin	NAMED TERROR GROUP
harkat al jihad al islami in bangladesh	NAMED TERROR GROUP
harkat mujahideen	NAMED TERROR GROUP
harkat ul ansar	NAMED TERROR GROUP
harkat ul jihad al islami	NAMED TERROR GROUP
harkat ul mujahideen	NAMED TERROR GROUP
hassan al basri brigade	NAMED TERROR GROUP
hawiyah islamic force	NAMED TERROR GROUP
hawks of thrace	NAMED TERROR GROUP
hezb e islami gulbuddin	NAMED TERROR GROUP
hezbollah	NAMED TERROR GROUP
hezbollah external security organisation	NAMED TERROR GROUP
hezbollah external security organization	NAMED TERROR GROUP
hezbollah military wing	NAMED TERROR GROUP
hikmat ul jihad	NAMED TERROR GROUP
hikmat ul zihad	NAMED TERROR GROUP
hikmatul zihad	NAMED TERROR GROUP
hilafet devleti	NAMED TERROR GROUP
hindu sena rashtriya sangh party	NAMED TERROR GROUP
hizballah	NAMED TERROR GROUP
hizb an nusra	NAMED TERROR GROUP
hizb e abu omar	NAMED TERROR GROUP
hizb e islami	NAMED TERROR GROUP
hizb i islami	NAMED TERROR GROUP
hizbul i islami	NAMED TERROR GROUP
hizbul islam	NAMED TERROR GROUP
hizb ul mujahideen	NAMED TERROR GROUP
hizbul mujahideen	NAMED TERROR GROUP
hizb ul mujahidin	NAMED TERROR GROUP
hizbul qowmy al araby al jabarty	NAMED TERROR GROUP
hizb ut tahrir	NAMED TERROR GROUP
jamaat e islami	NAMED TERROR GROUP
hofstad network	NAMED TERROR GROUP
imam hussein brigade	NAMED TERROR GROUP
imperial klans of america	NAMED TERROR GROUP
independent armed revolutionary movement	NAMED TERROR GROUP
indian mujahideen	NAMED TERROR GROUP
indigenous federal state army	NAMED TERROR GROUP
indigenous people's federal army	NAMED TERROR GROUP
informal anarchist federation	NAMED TERROR GROUP
ingush jamaat	NAMED TERROR GROUP
insurgent home army	NAMED TERROR GROUP
interahamwe	NAMED TERROR GROUP
international islamic battalion	NAMED TERROR GROUP
international islamic brigade	NAMED TERROR GROUP
international islamic front	NAMED TERROR GROUP
international revolutionary action group	NAMED TERROR GROUP
international sikh youth federation	NAMED TERROR GROUP
iranian democratic party of kurdistan	NAMED TERROR GROUP
iraqi democratic front	NAMED TERROR GROUP
iraqi liberation army	NAMED TERROR GROUP
irish continuity army council	NAMED TERROR GROUP
irish national liberation army	NAMED TERROR GROUP
irish people's liberation organisation	NAMED TERROR GROUP
irish people's liberation organization	NAMED TERROR GROUP
irish republican army	NAMED TERROR GROUP
isis holistic center	NAMED TERROR GROUP
islambouli brigade of martyrs	NAMED TERROR GROUP
islamic action organization	NAMED TERROR GROUP
islamic action organisation	NAMED TERROR GROUP
islamic aden army	NAMED TERROR GROUP
islamic al waqqas brigade	NAMED TERROR GROUP
islamic army in iraq	NAMED TERROR GROUP
islamic army of aden	NAMED TERROR GROUP
islamic army of aden abyan	NAMED TERROR GROUP
islamic brotherhood	NAMED TERROR GROUP
islamic community	NAMED TERROR GROUP
islamic courts union	NAMED TERROR GROUP
islamic defenders front	NAMED TERROR GROUP
islamic defense force	NAMED TERROR GROUP
islamic freedom fighters group	NAMED TERROR GROUP
islamic front	NAMED TERROR GROUP
islamic front for armed jihad	NAMED TERROR GROUP
islamic great eastern raiders front	NAMED TERROR GROUP
islami chhatra shibir	NAMED TERROR GROUP
islamic inquilab mahaz	NAMED TERROR GROUP
islamic international peacekeeping brigade	NAMED TERROR GROUP
islamic jihad	NAMED TERROR GROUP
islamic jihad brigade	NAMED TERROR GROUP
jamaat mujahideen	NAMED TERROR GROUP
islamic jihad movement in palestine	NAMED TERROR GROUP
islamic jihad organization	NAMED TERROR GROUPislamic jihad organizations
islamic jihad union	NAMED TERROR GROUP
islamic liberation organization	NAMED TERROR GROUP
islamic martyrs movement	NAMED TERROR GROUP
islamic movement for change	NAMED TERROR GROUP
islamic movement of central asia	NAMED TERROR GROUP
islamic movement of uzbekistan	NAMED TERROR GROUP
islamic party of turkistan	NAMED TERROR GROUP
islamic renewal movement	NAMED TERROR GROUP
islamic resistance movement	NAMED TERROR GROUP
islamic salvation army	NAMED TERROR GROUP
islamic salvation front	NAMED TERROR GROUP
islamic shashantantra andolon	NAMED TERROR GROUP
islamic task organization	NAMED TERROR GROUP
islami oikya jote	NAMED TERROR GROUP
italian red brigade	NAMED TERROR GROUP
izz ad din al qassam brigade	NAMED TERROR GROUP
jabarty arab nationalist party	NAMED TERROR GROUP
jamaatul mujahideen bangladesh	NAMED TERROR GROUP
jagrata muslim janata bangladesh	NAMED TERROR GROUP
hizb ut tawhid	NAMED TERROR GROUP
jabhat al nusrah	NAMED TERROR GROUP
jabhat al nusra	NAMED TERROR GROUP
jabat al nusra	NAMED TERROR GROUP
jahbat al nusra	NAMED TERROR GROUP
al nusrah	NAMED TERROR GROUP
al nusra	NAMED TERROR GROUP
nusra front	NAMED TERROR GROUP
jabhat al tahrir al arabiyya	NAMED TERROR GROUP
jabhatul islamiya	NAMED TERROR GROUP
jagrata muslim janata bangladesh	NAMED TERROR GROUP
jahafil al tawhid wal jihad fi filastin	NAMED TERROR GROUP
jaime bateman cayon group	NAMED TERROR GROUP
jaish al muhajireen wal ansar	NAMED TERROR GROUP
jaish al taifa al mansoura	NAMED TERROR GROUP
jaish e mohammad	NAMED TERROR GROUP
jaish e mohammed	NAMED TERROR GROUP
jaish e muhammed	NAMED TERROR GROUP
jaish i mohammad	NAMED TERROR GROUP
jaish i mohammed	NAMED TERROR GROUP
jaish i muhammad	NAMED TERROR GROUP
jaish i muhammed	NAMED TERROR GROUP
jaish ul muslimin	NAMED TERROR GROUP
jamaa ahlu sunna	NAMED TERROR GROUP
jamaah ansharut tauhid	NAMED TERROR GROUP
jamaat al fuqra	NAMED TERROR GROUP
jamaat al islamiyya	NAMED TERROR GROUP
jama'at al jihad al islami	NAMED TERROR GROUP
jama'at al muslimin	NAMED TERROR GROUP
jamaat ansar al sunna	NAMED TERROR GROUP
jamaat e islami	NAMED TERROR GROUP
jamaat ud dawa	NAMED TERROR GROUP
jamaat ul fuqra	NAMED TERROR GROUP
jamaat ul furquan	NAMED TERROR GROUP
jamaat ul mujahideen bangladesh	NAMED TERROR GROUP
jamaa'tul tawhid wal jihad	NAMED TERROR GROUP
jamatul mujahedin bangladesh	NAMED TERROR GROUP
jamiat al islah al idzhtimai	NAMED TERROR GROUP
jamiat e islami	NAMED TERROR GROUP
jamiat ul ansar	NAMED TERROR GROUP
jamiat ul ansar	NAMED TERROR GROUP
jamiat ul mujahedin	NAMED TERROR GROUP
jammu and kashmir islamic front	NAMED TERROR GROUP
jammu and kashmir liberation front	NAMED TERROR GROUP
japanese red army	NAMED TERROR GROUP
jeish e mahammed	NAMED TERROR GROUP
jemaah islamiya	NAMED TERROR GROUP
jemaah islamiyah	NAMED TERROR GROUP
jenin martyr's brigade	NAMED TERROR GROUP
jewish defence league	NAMED TERROR GROUP
jewish defense league	NAMED TERROR GROUP
jewish fighting organization	NAMED TERROR GROUP
jewish fighting organisation	NAMED TERROR GROUP
jihad committee	NAMED TERROR GROUP
jihadist al faruq brigade	NAMED TERROR GROUP
jordanian free officers movement	NAMED TERROR GROUP
jordanian islamic resistance	NAMED TERROR GROUP
jordanian military and revolutionary committee	NAMED TERROR GROUP
jordanian national liberation movement	NAMED TERROR GROUP
jordanian revolutionary and military committee	NAMED TERROR GROUP
junayd jihadist brigade	NAMED TERROR GROUP
jundallah	NAMED TERROR GROUP
jund al sham	NAMED TERROR GROUP
jund ansar allah	NAMED TERROR GROUP
justice and revenge front	NAMED TERROR GROUP
justice and vengeance front	NAMED TERROR GROUP
kabataang makabayan	NAMED TERROR GROUP
kach and kahane chai	NAMED TERROR GROUP
kach party	NAMED TERROR GROUP
kakurokyo	NAMED TERROR GROUP
kamtapur liberation organisation	NAMED TERROR GROUP
kamtapur liberation organization	NAMED TERROR GROUP
kangleipak communist party	NAMED TERROR GROUP
kanglei yawol kanna lup	NAMED TERROR GROUP
karbala brigades	NAMED TERROR GROUP
karen national union	NAMED TERROR GROUP
karenni national progressive party	NAMED TERROR GROUP
kashmir liberation army	NAMED TERROR GROUP
kata'ib al junayd al jihadiyah	NAMED TERROR GROUP
kataib al khoul	NAMED TERROR GROUP
kata'ib hezbollah	NAMED TERROR GROUP
kayin national union	NAMED TERROR GROUP
kenkoku giyugun chosen seibatsutai	NAMED TERROR GROUP
khaibar brigade	NAMED TERROR GROUP
khalistan commando force	NAMED TERROR GROUP
khalistan zindabad force	NAMED TERROR GROUP
khmer communist party	NAMED TERROR GROUP
khmer rouge	NAMED TERROR GROUP
khuddam ul islam	NAMED TERROR GROUP
knights of the torched bank	NAMED TERROR GROUP
knights of the white kamelia	NAMED TERROR GROUP
komando jihad	NAMED TERROR GROUP
kongra gel	NAMED TERROR GROUP
kongreya azadi u demokrasiya kurdistan	NAMED TERROR GROUP
kosovo liberation army	NAMED TERROR GROUP
kuki liberation army	NAMED TERROR GROUP
ku klux klan	NAMED TERROR GROUP
kumpulan mujahidin malaysia	NAMED TERROR GROUP
kurdish hizbollah	NAMED TERROR GROUP
kurdish islamic unity party	NAMED TERROR GROUP
kurdish patriotic union	NAMED TERROR GROUP
kurdish vengeance brigade	NAMED TERROR GROUP
kurdish vengeance brigades	NAMED TERROR GROUP
kurdistan democratic north	NAMED TERROR GROUP
kurdistan democratic party	NAMED TERROR GROUP
kurdistan freedom and democracy congress	NAMED TERROR GROUP
kurdistan freedom falcons	NAMED TERROR GROUP
kurdistan freedom falcons organization	NAMED TERROR GROUP
kurdistan freedom falcons organisation	NAMED TERROR GROUP
kurdistan freedom hawks	NAMED TERROR GROUP
kurdistan national liberation front	NAMED TERROR GROUP
kurdistan national liberty army	NAMED TERROR GROUP
kurdistan peoples conference	NAMED TERROR GROUP
kurdistan workers party	NAMED TERROR GROUP
kurdistan workers' party	NAMED TERROR GROUP
lashkar e islam	NAMED TERROR GROUP
lashkar e jabbar	NAMED TERROR GROUP
lashkar e jhangvi	NAMED TERROR GROUP
lashkar e omar	NAMED TERROR GROUP
lashkar e taiba	NAMED TERROR GROUP
lashkar e tayyaba	NAMED TERROR GROUP
lashkar e tayyiba	NAMED TERROR GROUP
lashkar e toiba	NAMED TERROR GROUP
lashkar i jhangvi	NAMED TERROR GROUP
lashkar i omar	NAMED TERROR GROUP
lashkar i taiba	NAMED TERROR GROUP
lashkar i tayyaba	NAMED TERROR GROUP
lashkar jihad	NAMED TERROR GROUP
lashkar taiba	NAMED TERROR GROUP
laskar jihad	NAMED TERROR GROUP
tehreek e taliban pakistan	NAMED TERROR GROUP
tehreek e taliban pakistans	NAMED TERROR GROUP
laskar mujahideen kompak	NAMED TERROR GROUP
latin american patriotic army	NAMED TERROR GROUP
lautaro faction	NAMED TERROR GROUP
lautaro youth movement	NAMED TERROR GROUP
lebanese armed revolutionary faction	NAMED TERROR GROUP
lebanese black brigades	NAMED TERROR GROUP
lebanese liberation front	NAMED TERROR GROUP
lebanese national resistance front	NAMED TERROR GROUP
lebanese resistance detachment	NAMED TERROR GROUP
lebanese socialist revolutionary organization	NAMED TERROR GROUP
liberation front of quebec	NAMED TERROR GROUP
liberation tigers of tamil eelam	NAMED TERROR GROUP*******
liberia peace council	NAMED TERROR GROUP
liberia peace councils	NAMED TERROR GROUP
libyan fighting group	NAMED TERROR GROUP
libyan fighting groups	NAMED TERROR GROUP
libyan islamic fighting group	NAMED TERROR GROUP
libyan islamic fighting groups	NAMED TERROR GROUP
libyan islamic group	NAMED TERROR GROUP
libyan islamic groups	NAMED TERROR GROUP
liwa abu al fadhal al abbas	NAMED TERROR GROUP
liwa abu al fadhal al abbass	NAMED TERROR GROUP
lofa defense force	NAMED TERROR GROUP
lofa defense forces	NAMED TERROR GROUP
lord's resistance army	NAMED TERROR GROUP
lords resistance movement	NAMED TERROR GROUP
lra	NAMED TERROR GROUP
lra	NAMED TERROR GROUP
ltte	NAMED TERROR GROUP
macedonia dawn	NAMED TERROR GROUP
macedonia dawns	NAMED TERROR GROUP
macedonian revolutionary organization	NAMED TERROR GROUP
macedonian revolutionary organisation	NAMED TERROR GROUP
maktab al khidamat	NAMED TERROR GROUP
maktab al khidamats	NAMED TERROR GROUP
manipur people¬ís liberation front	NAMED TERROR GROUP
manuel rodriguez patriotic front	NAMED TERROR GROUP
maoist communist center	NAMED TERROR GROUP
maoist communist center of india	NAMED TERROR GROUP
maoist communist centers	NAMED TERROR GROUP
maoist communist centre of india	NAMED TERROR GROUP
maoist communist party	NAMED TERROR GROUP
maoist coordination committee	NAMED TERROR GROUP
maoist komunist partisi	NAMED TERROR GROUP
mara salvatruchas	NAMED TERROR GROUP
martyr abdallah azzam brigades	NAMED TERROR GROUP
martyr abu ali mustafa brigades	NAMED TERROR GROUP
maruseido	NAMED TERROR GROUP
maruseidos	NAMED TERROR GROUP
marxist leninist communist party	NAMED TERROR GROUP
marxist leninist party of germany	NAMED TERROR GROUP
marxist youth league	NAMED TERROR GROUP
milf army	NAMED TERROR GROUP
military council of angolan resistance	NAMED TERROR GROUP
millat e islamia	NAMED TERROR GROUP
minnesota patriot council	NAMED TERROR GROUP
mohajir qami movement haqiqi	NAMED TERROR GROUP
mohajir qaumi movement	NAMED TERROR GROUP
mohajir quami movement	NAMED TERROR GROUP
mohammad's army	NAMED TERROR GROUP
mohammed's army	NAMED TERROR GROUP
mojahedin khalq organisation	NAMED TERROR GROUP
mojahedin khalq organization	NAMED TERROR GROUP
montana freemen	NAMED TERROR GROUP
montonero peronist movement	NAMED TERROR GROUP
morazanista liberation front	NAMED TERROR GROUP
morazanista patriotic front	NAMED TERROR GROUP
morazanist patriotic front	NAMED TERROR GROUP
morazano national liberation front	NAMED TERROR GROUP
moroccan islamic combatant group	NAMED TERROR GROUP
moro islamic liberation front	NAMED TERROR GROUP
moro liberation front	NAMED TERROR GROUP
moro national liberation front	NAMED TERROR GROUP
moustarchindina wal moustarchidati	NAMED TERROR GROUP
movement 2 june	NAMED TERROR GROUP
movement against state arbitrariness	NAMED TERROR GROUP
movement of riak machar	NAMED TERROR GROUP
movement of the revolutionary left	NAMED TERROR GROUP
movsar baryayev gang	NAMED TERROR GROUP
mozambique national resistance movement	NAMED TERROR GROUP
muaskar anole	NAMED TERROR GROUP
mujahedeen kompak	NAMED TERROR GROUP
mujahedin e khalq	NAMED TERROR GROUP
mujahideen al mansooran	NAMED TERROR GROUP
mujahideen army	NAMED TERROR GROUP
mujahideen e khalq organisation	NAMED TERROR GROUP
mujahideen e khalq organisations	NAMED TERROR GROUP
mujahideen e tanzeem	NAMED TERROR GROUP
mujahideen kompak	NAMED TERROR GROUP
mujahideens	NAMED TERROR GROUP
mujahideen shura council	NAMED TERROR GROUP
mukhtar army	NAMED TERROR GROUP
muslim brotherhood	NAMED TERROR GROUP
muslim defense force	NAMED TERROR GROUP
muslims against global oppression	NAMED TERROR GROUP
muslims of the americas	NAMED TERROR GROUP
muslim united army	NAMED TERROR GROUP
muttahida majlis i amal	NAMED TERROR GROUP
muttahida qami movement	NAMED TERROR GROUP
national democratic front of bodoland	NAMED TERROR GROUP
national development front	NAMED TERROR GROUP
nationalist kurdish revenge team	NAMED TERROR GROUP
national liberation army	NAMED TERROR GROUP
national liberation front	NAMED TERROR GROUP
national liberation front of angola	NAMED TERROR GROUP
national liberation front of corsica	NAMED TERROR GROUP
national liberation front of tripura	NAMED TERROR GROUP
national liberation fronts	NAMED TERROR GROUP
national liberation movement	NAMED TERROR GROUP
national liberation union	NAMED TERROR GROUP
national patriotic front of liberia	NAMED TERROR GROUP
national resistance of mozambique	NAMED TERROR GROUP
national revolutionary command	NAMED TERROR GROUP
national socialist council of nagaland isak muivah	NAMED TERROR GROUP
national youth resistance organization	NAMED TERROR GROUP
nation of islam	NAMED TERROR GROUP
nation of yahweh	NAMED TERROR GROUP
naxalites	NAMED TERROR GROUP
neo nazi group	NAMED TERROR GROUP
neo nazi national alliance	NAMED TERROR GROUP
nestor paz zamora commission	NAMED TERROR GROUP
new afrika	NAMED TERROR GROUP
new armenian resistance	NAMED TERROR GROUP
new black panther party	NAMED TERROR GROUP
new jihad group	NAMED TERROR GROUP
new people's army	NAMED TERROR GROUP
new red brigades	NAMED TERROR GROUP
new revolutionary popular struggle	NAMED TERROR GROUP
new world liberation front	NAMED TERROR GROUP
nihilists faction	NAMED TERROR GROUP
ninth of june organization	NAMED TERROR GROUP
nordfront	NAMED TERROR GROUP
northern epirus liberation front	NAMED TERROR GROUP
norwegian defense league	NAMED TERROR GROUP
november 25 anarchist group	NAMED TERROR GROUP
npfl army	NAMED TERROR GROUP
npfl forces	NAMED TERROR GROUP
npfl soldier	NAMED TERROR GROUP
nusantara islamic jihad forces	NAMED TERROR GROUP
nusantara islamic mujahideen front	NAMED TERROR GROUP
odua peoples congress	NAMED TERROR GROUP
odudua peoples' congress	NAMED TERROR GROUP
oduduwa people's congress	NAMED TERROR GROUP
ogaden national liberation front	NAMED TERROR GROUP
oodua peoples congress	NAMED TERROR GROUP
oromo liberation front	NAMED TERROR GROUP
osbat al ansar	NAMED TERROR GROUP
padanian armed separatist phalanx	NAMED TERROR GROUP
palestine liberation front	NAMED TERROR GROUP
palestine liberation organization	NAMED TERROR GROUP
palestinian islamic jihad	NAMED TERROR GROUP
palestinian popular struggle front	NAMED TERROR GROUP
palipehutu	NAMED TERROR GROUP
panama sovereignty front	NAMED TERROR GROUP
party of democratic kampuchea	NAMED TERROR GROUP
party of god	NAMED TERROR GROUP
party of allah	NAMED TERROR GROUP
patriotic resistance army	NAMED TERROR GROUP
patriotic union of kurdistan	NAMED TERROR GROUP
pattani united liberation organization	NAMED TERROR GROUP
payong organization	NAMED TERROR GROUP
people's guerrilla army	NAMED TERROR GROUP
people's against gangsterism and drugs	NAMED TERROR GROUP
people's defense force	NAMED TERROR GROUP
people's fedayeen	NAMED TERROR GROUP
people's fedayeen guerrillas	NAMED TERROR GROUP
people's fedayeen movement	NAMED TERROR GROUP
people's fedayeen movements	NAMED TERROR GROUP
people's liberation army of kurdistan	NAMED TERROR GROUP
people's liberation army of manipur	NAMED TERROR GROUP
people's liberation forces	NAMED TERROR GROUP
people's mujahideen of iran	NAMED TERROR GROUP
people's republican army	NAMED TERROR GROUP
people's revolutionary armed forces	NAMED TERROR GROUP
people's revolutionary army	NAMED TERROR GROUP
people's revolutionary front	NAMED TERROR GROUP
people's revolutionary militias	NAMED TERROR GROUP
people's revolutionary organization	NAMED TERROR GROUP
people's revolutionary organisation	NAMED TERROR GROUP
people's revolutionary party	NAMED TERROR GROUP
people's revolutionary party of kangleipak	NAMED TERROR GROUP
people's united liberation front	NAMED TERROR GROUP
peronist armed forces	NAMED TERROR GROUP
peykar e tabaqeh e kargar	NAMED TERROR GROUP
philike hetairia	NAMED TERROR GROUP
phineas priesthood	NAMED TERROR GROUP
phineas priests	NAMED TERROR GROUP
platoon of marytr khaled islambouli	NAMED TERROR GROUP
poland national liberation front	NAMED TERROR GROUP
polisario front	NAMED TERROR GROUP
polish revolutionary home army	NAMED TERROR GROUP
popular army of boricua	NAMED TERROR GROUP
popular forces of april 25	NAMED TERROR GROUP
popular forces of liberation	NAMED TERROR GROUP
popular liberation army	NAMED TERROR GROUP
popular liberation forces	NAMED TERROR GROUP
popular revolutionary action	NAMED TERROR GROUP
popular revolutionary actions	NAMED TERROR GROUP
popular revolutionary army	NAMED TERROR GROUP
popular revolutionary front	NAMED TERROR GROUP
popular revolutionary vanguard	NAMED TERROR GROUP
popular self defense forces	NAMED TERROR GROUP
popular struggle front	NAMED TERROR GROUP
progressive buddhist karen nationals organization	NAMED TERROR GROUP
pro guevara revolutionary group	NAMED TERROR GROUP
proletarian action group	NAMED TERROR GROUP
proletarian nuclei for communism	NAMED TERROR GROUP
provisional irish republican army	NAMED TERROR GROUP
pueblo reagrupado	NAMED TERROR GROUP
purbo banglar communist party	NAMED TERROR GROUP
qaeda al jihad	NAMED TERROR GROUP
quebec liberation front	NAMED TERROR GROUP
quranic open university	NAMED TERROR GROUP
rajah sulaiman movement	NAMED TERROR GROUP
rajah sulaiman movements	NAMED TERROR GROUP
ras kamboni brigades	NAMED TERROR GROUP
raul sendic international brigade	NAMED TERROR GROUP
raul sendic international brigades	NAMED TERROR GROUP
real irish republican army	NAMED TERROR GROUP
real mohajir qami movement	NAMED TERROR GROUP
red army faction	NAMED TERROR GROUP
red brigades	NAMED TERROR GROUP
red guerrillas	NAMED TERROR GROUP
red hand commando	NAMED TERROR GROUP
red hand defenders	NAMED TERROR GROUP
red regiments	NAMED TERROR GROUP
republic of new africa	NAMED TERROR GROUP
resistencia nacional	NAMED TERROR GROUP
resistenza corsa	NAMED TERROR GROUP
revenge hawks of apo	NAMED TERROR GROUP
revolutionary action party	NAMED TERROR GROUP
revolutionary alliance of trinitarian youth	NAMED TERROR GROUP
revolutionary amazon command	NAMED TERROR GROUP
revolutionary armed corps	NAMED TERROR GROUP
revolutionary armed forces of colombia	NAMED TERROR GROUP
revolutionary army of the people	NAMED TERROR GROUP
revolutionary front for communism	NAMED TERROR GROUP
revolutionary justice organization	NAMED TERROR GROUP
revolutionary leninist brigades	NAMED TERROR GROUP
revolutionary movement of october 8	NAMED TERROR GROUP
revolutionary organization 17 november	NAMED TERROR GROUP
revolutionary organization of socialist muslims	NAMED TERROR GROUP
revolutionary party of kurdistan	NAMED TERROR GROUP
revolutionary peoples army	NAMED TERROR GROUP
revolutionary people's front	NAMED TERROR GROUP
revolutionary people's liberation front	NAMED TERROR GROUP
revolutionary people's liberation party	NAMED TERROR GROUP
revolutionary proletarian army	NAMED TERROR GROUP
alex boncayao brigade	NAMED TERROR GROUP
revolutionary proletarian army	NAMED TERROR GROUP
alex boncayao brigades	NAMED TERROR GROUP
revolutionary proletarian initiative nuclei	NAMED TERROR GROUP
revolutionary united front	NAMED TERROR GROUP
revolutionary workers council	NAMED TERROR GROUP
roque dalton commando	NAMED TERROR GROUP
russian national bolshevist party	NAMED TERROR GROUP
safdar nagori	NAMED TERROR GROUP
saif ul muslimeen	NAMED TERROR GROUP
saif ul muslimeen lashkar jihad	NAMED TERROR GROUP
salafia jihadia	NAMED TERROR GROUP
salafist call and struggle group	NAMED TERROR GROUP
salah al din battalions	NAMED TERROR GROUP
salah al din brigades	NAMED TERROR GROUP
sandinista national liberation front	NAMED TERROR GROUP
san joaquin militia	NAMED TERROR GROUP
saraya usud al tawhid	NAMED TERROR GROUP
sardinian autonomy movement	NAMED TERROR GROUP
save kashmir movement	NAMED TERROR GROUP
scottish national liberation army	NAMED TERROR GROUP
scottish republican army	NAMED TERROR GROUP
seventh suicide squad	NAMED TERROR GROUP
shan state army	NAMED TERROR GROUP
shariat jamaat	NAMED TERROR GROUP
sheibani network	NAMED TERROR GROUP
shibbu gang	NAMED TERROR GROUP
shining path	NAMED TERROR GROUP
shurafa al urdun	NAMED TERROR GROUP
sipah e muhammad pakistan	NAMED TERROR GROUP
sipah e sahaba	NAMED TERROR GROUP
sipah e sahaba pakistan	NAMED TERROR GROUP
sipah e sahabas	NAMED TERROR GROUP
socialist nationalist front	NAMED TERROR GROUP
somali revolutionary socialist party	NAMED TERROR GROUP
somali socialist army red army	NAMED TERROR GROUP
somali workers socialist party	NAMED TERROR GROUP
southern sudan independence army	NAMED TERROR GROUP
southern sudan independence movement	NAMED TERROR GROUP
south londonderry protestant volunteers	NAMED TERROR GROUP
south londonderry volunteers	NAMED TERROR GROUP
south maluku republic	NAMED TERROR GROUP
sovereign panama front	NAMED TERROR GROUP
spanish basque battalion	NAMED TERROR GROUP
spanish eta	NAMED TERROR GROUP
special purpose islamic regiment	NAMED TERROR GROUP
sri nakharo	NAMED TERROR GROUP
stichting al aqsa	NAMED TERROR GROUP
stop huntingdon animal cruelty	NAMED TERROR GROUP
students islamic movement of india	NAMED TERROR GROUP
sudan alliance forces	NAMED TERROR GROUP
sudanese people's liberation army	NAMED TERROR GROUP
sudan people's liberation army	NAMED TERROR GROUP
sudan peoples liberation movement	NAMED TERROR GROUP
supporters of sharia	NAMED TERROR GROUP
sword of islam	NAMED TERROR GROUP
sword of muslims	NAMED TERROR GROUP
symbionese liberation army	NAMED TERROR GROUP
syrian mujahideen	NAMED TERROR GROUP
syrian social nationalist party	NAMED TERROR GROUP
tablighi jamaat	NAMED TERROR GROUP
takfir wa hijra	NAMED TERROR GROUP
takfir wal hijra	NAMED TERROR GROUP
talaaal al fateh	NAMED TERROR GROUP
taleban	NAMED TERROR GROUP
taliban	NAMED TERROR GROUP
taliben	NAMED TERROR GROUP
tamil nadu liberation army	NAMED TERROR GROUP
tamil nadu muslim munnetra kazagham	NAMED TERROR GROUP
tamil national retrieval troops	NAMED TERROR GROUP
tamil tigers	NAMED TERROR GROUP
tawhid wal jihad	NAMED TERROR GROUP
tehreek e nafaz e shariat e mohammadi	NAMED TERROR GROUP
tehrik i taliban pakistan	NAMED TERROR GROUP
tehrik ul furqaan	NAMED TERROR GROUP
terra lliure	NAMED TERROR GROUP
terrorist group of assam	NAMED TERROR GROUP
tevhid selam	NAMED TERROR GROUP
national anti corruption front	NAMED TERROR GROUP
the peoples congress of kurdistan	NAMED TERROR GROUP
third of october group	NAMED TERROR GROUP
tigrai peoples liberation front	NAMED TERROR GROUP
tigray people's liberation front	NAMED TERROR GROUP
tontons macoutes	NAMED TERROR GROUP
totally anti war group	NAMED TERROR GROUP
tuareg rebel	NAMED TERROR GROUP
tuareg rebels	NAMED TERROR GROUP
tunisian combatant group	NAMED TERROR GROUP
tupac amaru revolutionary movement	NAMED TERROR GROUP
tupac katari guerrilla army	NAMED TERROR GROUP
turkish communist party	NAMED TERROR GROUP
turkish hezbollah	NAMED TERROR GROUP
turkish hizballah	NAMED TERROR GROUP
turkish islamic jihad	NAMED TERROR GROUP
turkish people's liberation army	NAMED TERROR GROUP
turkish people's liberation front	NAMED TERROR GROUP
turkish peoples liberation party front	NAMED TERROR GROUP
uganda democratic christian army	NAMED TERROR GROUP
ukrainian reactionary force	NAMED TERROR GROUP
ulimo army	NAMED TERROR GROUP
ulimo force	NAMED TERROR GROUP
ulimo soldier	NAMED TERROR GROUP
ulster defence association	NAMED TERROR GROUP
ulster defense association	NAMED TERROR GROUP
ulster freedom fighters	NAMED TERROR GROUP
ulster volunteer force	NAMED TERROR GROUP
ummah liberation army	NAMED TERROR GROUP
ummah tameer e nau	NAMED TERROR GROUP
unified nasserite organization	NAMED TERROR GROUP
unified nasserite organisation	NAMED TERROR GROUP
unified unit of jihad	NAMED TERROR GROUP
union of mujahadin	NAMED TERROR GROUP
unita army	NAMED TERROR GROUP
unita force	NAMED TERROR GROUP
unita soldier	NAMED TERROR GROUP
united arab revolution	NAMED TERROR GROUP
united company of jihad	NAMED TERROR GROUP
united jihad council	NAMED TERROR GROUP
united kuki liberation front	NAMED TERROR GROUP
united lao national liberation front	NAMED TERROR GROUP
united liberation front of asom	NAMED TERROR GROUP
united liberation front of assam	NAMED TERROR GROUP
united nasirite organizaiton	NAMED TERROR GROUP
united nasirite organisation	NAMED TERROR GROUP
united national liberation front	NAMED TERROR GROUP
united organization of halabjah martyrs	NAMED TERROR GROUP
united peoples democratic solidarity	NAMED TERROR GROUP
united revolutionary front of bhutan	NAMED TERROR GROUP
united self defense forces of colombia	NAMED TERROR GROUP
united self defense group of colombia	NAMED TERROR GROUP
united somali congress aideed group	NAMED TERROR GROUP
united tajik opposition	NAMED TERROR GROUP
unofficial anarchist federation	NAMED TERROR GROUP
usbat al ansar	NAMED TERROR GROUP
uygur holy war organization	NAMED TERROR GROUP
uygur holy war organisation	NAMED TERROR GROUP
vanguards of the islamic conquest	NAMED TERROR GROUP
warriors of the boer nation	NAMED TERROR GROUP
weathermen action faction	NAMED TERROR GROUP
weather underground organization	NAMED TERROR GROUP
weather undergrounds	NAMED TERROR GROUP
westboro baptist church	NAMED TERROR GROUP
west nile bank front	NAMED TERROR GROUP
white aryan resistance	NAMED TERROR GROUP
white order of thule	NAMED TERROR GROUP
white patriot party	NAMED TERROR GROUP
winegrowers action committee	NAMED TERROR GROUP
workers' revolutionary party	NAMED TERROR GROUP
world church of the creator	NAMED TERROR GROUP
world islamic jihad group	NAMED TERROR GROUP
world punishment organization	NAMED TERROR GROUP
world punishment organisation	NAMED TERROR GROUP
world tamil movement	NAMED TERROR GROUP
world united formosans for independence	NAMED TERROR GROUP
world uygur youth congress	NAMED TERROR GROUP
yanikian commandos	NAMED TERROR GROUP
yarmuk jamaat	NAMED TERROR GROUP
united vilayat of kabarda balkaria karachai	NAMED TERROR GROUP
vilayat kbk	NAMED TERROR GROUP
yemen islamic jihad	NAMED TERROR GROUP
yoruba oodua peoples congress	NAMED TERROR GROUP
zapatista army of national liberation	NAMED TERROR GROUP
zimbabwe african nationalist union	NAMED TERROR GROUP
zionist action group	NAMED TERROR GROUP
zomi revolutionary army	NAMED TERROR GROUP
