term	en_term	cat
مال	money	CURRENCY
دقة	currency	CURRENCY
السيولة النقدية	cash	CURRENCY
أفغاني	afghani	CURRENCY
بساطة بالغة	austral	CURRENCY
باهت	baht	CURRENCY
بالبوا	balboa	CURRENCY
بر	birr	CURRENCY
بيتكوين	bitcoin	CURRENCY
بوليفار	bolivar	CURRENCY
سيدي	cedi	CURRENCY
الجديد في تايوان دولار	dalasi	CURRENCY
دينار	dinar	CURRENCY
درهم	dirham	CURRENCY
دولار	dollar	CURRENCY
دونغ	dong	CURRENCY
دوبرا	dobra	CURRENCY
اليورو	euro	CURRENCY
اليورو دولار	eurodollar	CURRENCY
الاسكودو	escudo	CURRENCY
كونتو	conto	CURRENCY
الفورنت	forint	CURRENCY
غورد	gourde	CURRENCY
غواراني	guarani	CURRENCY
الغيلدر	guilder	CURRENCY
قولدن	gulden	CURRENCY
فلورين	florin	CURRENCY
INTI	inti	CURRENCY
كينا	kina	CURRENCY
سرير	kip	CURRENCY
كورونا	koruna	CURRENCY
الكرونا	krona	CURRENCY
الكرونة	krone	CURRENCY
كرونر	kroner	CURRENCY
كرون	kroon	CURRENCY
كواتشا	kwacha	CURRENCY
كواي	kwai	CURRENCY
كوانزا	kwanza	CURRENCY
كيات	kyat	CURRENCY
ليك	lek	CURRENCY
هندوراسي	lempira	CURRENCY
ليون	leone	CURRENCY
بادئة معناها أبيض	leu	CURRENCY
ليف	lev	CURRENCY
يلانجيني	lilangeni	CURRENCY
الليرة	lira	CURRENCY
لوتي	loti	CURRENCY
ميتيكال	metical	CURRENCY
نايرا	naira	CURRENCY
بوتاني	ngultrum	CURRENCY
أوقية	ouguiya	CURRENCY
Pa'anga سعر	pa'anga	CURRENCY
باتاكا	pataca	CURRENCY
البوليفي	boliviano	CURRENCY
قرطبة	cordoba	CURRENCY
بيزو	peso	CURRENCY
جنيه	pound	CURRENCY
بولا	pula	CURRENCY
جواتيمالي	quetzal	CURRENCY
راند	rand	CURRENCY
ريال عملة نقدية	rial	CURRENCY
رييل	riel	CURRENCY
رنجيت	ringgit	CURRENCY
الريال	riyal	CURRENCY
روبل	ruble	CURRENCY
روبل	rouble	CURRENCY
درهم	dram	CURRENCY
مانات	manat	CURRENCY
روبل	rubel	CURRENCY
لاري	lari	CURRENCY
تنغي	tenge	CURRENCY
لاتس	lats	CURRENCY
ليتاس	litas	CURRENCY
سوم	som	CURRENCY
hryvina	hryvina	CURRENCY
روبية	rupee	CURRENCY
روبية	rupiah	CURRENCY
الرنمينبي	renminbi	CURRENCY
شيكل	shekel	CURRENCY
شلن	shilling	CURRENCY
سوكري	sucre	CURRENCY
تاكا	taka	CURRENCY
تالا	tala	CURRENCY
tical	tical	CURRENCY
التوغريك	tugrik	CURRENCY
tughrik	tughrik	CURRENCY
وون	won	CURRENCY
ين	yen	CURRENCY
يوان	yuan	CURRENCY
الزلوتي	zloty	CURRENCY
معقل	stronghold	STRONGHOLD
معقل	bastion	STRONGHOLD
قلعة	citadel	STRONGHOLD
المعقل	blockhouse	STRONGHOLD
معقل	redoubt	STRONGHOLD
حصن	fort	STRONGHOLD
المحطة	outpost	STRONGHOLD
مقر	headquarters	STRONGHOLD
سيارة	car	CAR
سيارة	sedan	CAR
مركبة	vehicle	CAR
تلقاءي	auto	CAR
سيارة	automobile	CAR
سيارة	motorcar	CAR
شاحنة	truck	CAR
سيارة نقل	van	CAR
شاحنة	lorry	CAR
معاهدة	treaty	TREATY
ميثاق	pact	TREATY
اتفاق	accord	TREATY
اتفاق مكتوب	written agreement	TREATY
اتفاقية	agreement	TREATY
برنامج	program	PROGRAM
برنامج	programme	PROGRAM
الخطوط العريضة	outline	PROGRAM
مخطط	schema	PROGRAM
مخطط	scheme	PROGRAM
جدول أعمال	agenda	PROGRAM
الأمان	security	SECURITY
secureness	secureness	SECURITY
حماية	protection	SECURITY
احتياط	precaution	SECURITY
حماية	safeguard	SECURITY
مدينة	town	TOWN
البلدية	municipality	TOWN
البلدة	borough	TOWN
بلدة	township	TOWN
مدينة	city	TOWN
مدينة	metropolis	TOWN
مركز حضري	urban center	TOWN
منطقة حضرية	urban area	TOWN
قرية	village	TOWN
مستوطنة	settlement	TOWN
تواصل اجتماعي	community	TOWN
جريمة	crime	CRIME
جريمة	offense	CRIME
جريمة جنائية	criminal offense	CRIME
جريمة جنائية	criminal offence	CRIME
جريمة	offence	CRIME
قانون كسر	law-breaking	CRIME
مخالفة	infraction	CRIME
عنيف	violation	CRIME
انتهاك	infringement	CRIME
مخالفة	transgression	CRIME
سوء السلوك	misconduct	CRIME
إثم	wrongdoing	CRIME
جنحة	misdemeanor	CRIME
جنحة	misdemeanour	CRIME
جناية	felony	CRIME
اللجوء	asylum	ASYLUM
لجأ	refuge	ASYLUM
الملاذ الآمن	sanctuary	ASYLUM
منزل امن	safe house	ASYLUM
مأوى	shelter	ASYLUM
حل	solution	SOLUTION
إجابة	answer	SOLUTION
نتيجة	result	SOLUTION
القرار	resolution	SOLUTION
إغلاق	closure	SOLUTION
دليل	evidence	EVIDENCE
أرض	ground	EVIDENCE
دليل	proof	EVIDENCE
سبب محتمل	probable cause	EVIDENCE
تصديق	attestation	EVIDENCE
الطائرات	aircraft	AIRCRAFT
طائرة	plane	AIRCRAFT
هليكوبتر	helicopter	AIRCRAFT
طائرة حربية	warplane	AIRCRAFT
مطار	airplane	AIRCRAFT
طائرة	airliner	AIRCRAFT
طائرة نفاثة	jet	AIRCRAFT
منطاد	airship	AIRCRAFT
مركبة فضائية	dirigible	AIRCRAFT
طائرة شراعية	glider	AIRCRAFT
قاطع متناوب	chopper	AIRCRAFT
سكهووك	skyhook	AIRCRAFT
طائرة الجامبو	jumbojet	AIRCRAFT
طائرة الجامبو	jumbo jet	AIRCRAFT
طائرة	jetliner	AIRCRAFT
إرتكاس	turbojet	AIRCRAFT
مروحية هجومية من طراز أباتشي	apache attack helicopter	AIRCRAFT
اباتشي حربية	apache gunship	AIRCRAFT
طائرة مقاتلة	fighter jet	AIRCRAFT
القاذفات المقاتلة	fighter bombers	AIRCRAFT
طائرة مقاتلة	fighter aircraft	AIRCRAFT
طائرة مقاتلة	jetfighter	AIRCRAFT
طائرة مقاتلة	fighter plane	AIRCRAFT
F / A-18 طائرة مقاتلة	f/a-18 fighter jet	AIRCRAFT
سوبر هورنيت	super hornet	AIRCRAFT
هر مقاتلة	tomcat fighter	AIRCRAFT
F / A-18E / F سوبر هورنيت	f/a-18e/f super hornet	AIRCRAFT
و-22A رابتور	f-22a raptor	AIRCRAFT
و-22 رابتور	f-22 raptor	AIRCRAFT
F / A-22 رابتور	f/a-22 raptor	AIRCRAFT
F / A-18 المقاتلة	f/a-18 fighter	AIRCRAFT
F / A-22 المقاتلة	f/a-22 fighter	AIRCRAFT
الترددات اللاسلكية 4C	rf 4c	AIRCRAFT
F / A-18	f/a-18	AIRCRAFT
اف 16	f-16	AIRCRAFT
و-22	f-22	AIRCRAFT
و-33	f-33	AIRCRAFT
و 14	f-14	AIRCRAFT
مفجر	bomber	AIRCRAFT
ب-52	b-52	AIRCRAFT
مفجر سري	stealth bomber	AIRCRAFT
MQ-9 حصادة	mq-9 reaper	AIRCRAFT
الاعصار يوروفايتر	eurofighter typhoon	AIRCRAFT
ميج	mig	AIRCRAFT
طائرة هارير	harrier jet	AIRCRAFT
SU-24	su-24	AIRCRAFT
على بعد 37B اليعسوب	a-37b dragonfly	AIRCRAFT
و-7mg	f-7mg	AIRCRAFT
سراب 2000	mirage-2000	AIRCRAFT
ميج 21pfm	mig-21pfm	AIRCRAFT
SU-30MK	su-30mk	AIRCRAFT
مي 24vm / هند	mi-24vm/hind	AIRCRAFT
ص-3A اوريون	p-3a orion	AIRCRAFT
CH-47f طراز شينوك	ch-47f chinook	AIRCRAFT
ص-8A بوسيدون	p-8a poseidon	AIRCRAFT
آه-64D أباتشي	ah-64d apache	AIRCRAFT
أباتشي AH-64	ah-64 apache	AIRCRAFT
الخامس 22 العقاب	v-22 osprey	AIRCRAFT
المقاتلة الشبح	stealth fighter	AIRCRAFT
صقر مهاجم	fighting falcon	AIRCRAFT
أزيز	drone	DRONE
موجهة عن بعد	rpv	DRONE
الطائرات بدون طيار	drone aircraft	DRONE
طائرة بدون طيار	unmanned drone	DRONE
المفترس الطائرات بدون طيار	predator drone	DRONE
طائرات من دون طيار	unmanned aircraft	DRONE
المفترس بدون طيار	unmanned predator	DRONE
الطائرات بدون طيار ريبر	reaper drone	DRONE
استطلاع بدون طيار	unmanned aerial drone	DRONE
مركبة جوية بدون طيار	unmanned aerial vehicle	DRONE
طائرات بدون طيار موجهة عن بعد	remotely piloted drones	DRONE
الطائرات بدون طيار	remotely piloted aircraft	DRONE
نظام طيار	unmanned aerial system	DRONE
المفترس الطائرات بدون طيار	predator uav	DRONE
طائرة دون طيار	pilotless plane	DRONE
معلومات	information	INFORMATION
معلومات	info	INFORMATION
تفاصيل	details	INFORMATION
حقيقة	fact	INFORMATION
أخبار	news	INFORMATION
المخابرات	intelligence	INFORMATION
تحديث	update	INFORMATION
تحقيق	investigation	INVESTIGATION
تحقيق	inquiry	INVESTIGATION
تحقيق	enquiry	INVESTIGATION
مسبار	probe	INVESTIGATION
تحليل	analysis	INVESTIGATION
تحليل	analyses	INVESTIGATION
ابحاث	research	INVESTIGATION
فحص	examination	INVESTIGATION
سلاح	weapon	WEAPON
قاذف اللهب	flamethrower	WEAPON
بندقية	gun	WEAPON
سكين	knife	WEAPON
سكاكين	knives	WEAPON
صاروخ	missile	WEAPON
صواريخ	missiles	WEAPON
سيف	sword	WEAPON
السيوف	swords	WEAPON
مدفع	cannon	WEAPON
مدافع	cannons	WEAPON
سلاح ناري	firearm	WEAPON
بندقية	rifle	WEAPON
نصف التلقائي	semiautomatic	WEAPON
مسدس	pistol	WEAPON
القربينة بندقية قصيرة	carbine	WEAPON
كلاشينكوف	kalashnikov	WEAPON
بندقية	assault rifle	WEAPON
AK-47	ak-47	WEAPON
AK-74	ak-74	WEAPON
عوزي	uzi	WEAPON
ار بي جي	rpg	WEAPON
قذيفة صاروخية	rocket propelled grenade	WEAPON
ذخيرة	ammunition	WEAPON
قنبلة	bomb	WEAPON
صاروخ	rocket	WEAPON
صاروخ غير موجه	unguided rocket	WEAPON
صاروخ موجه	guided missile	WEAPON
صواريخ كروز	cruise missiles	WEAPON
الصواريخ المضادة للسفن	antiship missile	WEAPON
صواريخ مضادة للطائرات	antiaircraft missile	WEAPON
صاروخ سحب	tow missile	WEAPON
صواريخ سايد	sidewinder missile	WEAPON
صاروخ باليستي	ballistic missile	WEAPON
منجل	machete	WEAPON
رشاش	machine gun	WEAPON
مسدس	revolver	WEAPON
بندقية الصيد	shotgun	WEAPON
غاز مسيل للدموع	tear gas	WEAPON
حربة	bayonet	WEAPON
بازوكا	bazooka	WEAPON
خنجر	dagger	WEAPON
القذاف مدفع	howitzer	WEAPON
السيوف	sabers	WEAPON
مقلاع	slingshot	WEAPON
رمح	spear	WEAPON
مدية زنبركية	switchblade	WEAPON
نادي بيلي	billy club	WEAPON
القوس والسهم	bow and arrow	WEAPON
القبضات الحديدية	brass knuckles	WEAPON
سكين صيد	hunting knife	WEAPON
تسلح	armament	WEAPON
سلاح المدفعية	artillery	WEAPON
بندقية عديمة الارتداد	recoilless rifle	WEAPON
طائرات هليكوبتر هجومية	attack helicopters	WEAPON
مروحية هجومية من طراز أباتشي	apache attack helicopter	WEAPON
طائرة مقاتلة	fighter jet	WEAPON
اف 16	f-16	WEAPON
و-22	f-22	WEAPON
و-33	f-33	WEAPON
و 14	f-14	WEAPON
مفجر	bomber	WEAPON
ب-52	b-52	WEAPON
M16	m16	WEAPON
M14	m14	WEAPON
50 عيار	50-caliber	WEAPON
المفترس الطائرات بدون طيار	predator drone	WEAPON
الطائرات بدون طيار ريبر	reaper drone	WEAPON
MQ-9 حصادة	mq-9 reaper	WEAPON
الاعصار يوروفايتر	eurofighter typhoon	WEAPON
ميج	mig	WEAPON
حاملة طائرات	aircraft carrier	WEAPON
فرقاطة	frigate	WEAPON
arleigh من الدرجة بيرك المدمرة	arleigh burke-class destroyer	WEAPON
manpad	manpad	WEAPON
بطاريات صواريخ مضادة للطائرات	antiaircraft missile batteries	WEAPON
ناقلة جنود مدرعة	armored personnel carrier	WEAPON
ناقلة جند مدرعة	armoured personnel carrier	WEAPON
مركبة مشاة قتالية	infantry fighting vehicle	WEAPON
دبابة قتالية	battle tank	WEAPON
أبرامز M1A1	m1a1 abrams	WEAPON
أبرامز M1	m1 abrams	WEAPON
فالحركة	mrap	WEAPON
برادلي مركبة القتال	bradley fighting vehicle	WEAPON
M2 برادلي	m2 bradley	WEAPON
طائرة هارير	harrier jet	WEAPON
SU-24	su-24	WEAPON
على بعد 37B اليعسوب	a-37b dragonfly	WEAPON
و-7mg	f-7mg	WEAPON
s565s النمر	s565s panther	WEAPON
سراب 2000	mirage-2000	WEAPON
كما-532 طراز كوغار	as-532 cougar	WEAPON
NH-90 بيت التمويل الوطني	nh-90 nfh	WEAPON
على بعد 129c mangusta	a-129c mangusta	WEAPON
ميج 21pfm	mig-21pfm	WEAPON
SU-30MK	su-30mk	WEAPON
مي 24vm / هند	mi-24vm/hind	WEAPON
ص-3A اوريون	p-3a orion	WEAPON
CH-47f طراز شينوك	ch-47f chinook	WEAPON
ص-8A بوسيدون	p-8a poseidon	WEAPON
آه-64D أباتشي	ah-64d apache	WEAPON
أباتشي AH-64	ah-64 apache	WEAPON
الخامس 22 العقاب	v-22 osprey	WEAPON
صاروخ جهنم	hellfire missile	WEAPON
ذخيرة موجهة بدقة	precision guided munition	WEAPON
العبوات الناسفة	ied	WEAPON
عبوة ناسفة	improvised explosive device	WEAPON
تفخيخ السيارات	vbied	WEAPON
مرتجلة استنباط ناسفة	improvised explosive devise	WEAPON
المرتجلة المتفجرة	improvised explosive	WEAPON
قنبلة محلية الصنع	improvised bomb	WEAPON
درع قنبلة خارقة على جانب الطريق	armor piercing roadside bomb	WEAPON
تتحمل العبوات الناسفة	borne ied	WEAPON
سلاح الدمار الشامل	weapon of mass destruction	WMD
أسلحة الدمار الشامل	weapons of mass destruction	WMD
أسلحة الدمار الشامل	wmd	WMD
قنبلة نووية	nuclear bomb	WMD
السلاح النووي	nuclear weapon	WMD
جهاز نووي	nuclear device	WMD
أسلحة نووية	nuclear weapons	WMD
قنبلة ذرية	atom bomb	WMD
السلاح النووي التكتيكي	tactical nuke	WMD
أسلحة نووية	atomic weapons	WMD
غاز الأعصاب	nerve gas	WMD
السارين	sarin	WMD
غاز السارين	sarin gas	WMD
غاز الاعصاب السارين	sarin nerve gas	WMD
غاز الأعصاب السارين	sarin nerve agent	WMD
غاز الأعصاب VX	vx nerve agent	WMD
غاز الخردل	mustard gas	WMD
الخردل وكيل نفطة	mustard blister agent	WMD
الحلقي	cyclosarin	WMD
غاز الأعصاب VX	vx nerve gas	WMD
VX المخزون	vx stockpile	WMD
وكيل نفطة	blister agent	WMD
سلاح كيميائي	chemical weapon	WMD
أسلحة غير تقليدية	nonconventional weapons	WMD
حرب كيمايئية	chemical warfare	WMD
طعام	food	FOOD
العناصر الغذائية	nutrient	FOOD
غذاء	nutriment	FOOD
تغذية	nourishment	FOOD
تغذية	nutrition	FOOD
رزق	sustenance	FOOD
غذاء	aliment	FOOD
أحكام	provisions	FOOD
مؤن	commissariat	FOOD
بقالة	grocery	FOOD
مادة غذائية	foodstuff	FOOD
دفاع	defense	DEFENSE
دفاع	defence	DEFENSE
أغضبهم	angered by 	DEFENSE
أسأل عن	ask for 	DEFENSE
الغاء	call off 	DEFENSE
اغلق	shut down 	DEFENSE
أخذ إجازة	take leave 	DEFENSE
جمع الشمل	round up	DEFENSE
تأتي بعد	come after 	DEFENSE
يبدو واثقا	seem confident 	DEFENSE
اقامة	set up 	DEFENSE
أخذ شكل	take shape 	DEFENSE
تقدم للامام	go forward 	DEFENSE
إجلب	bring out 	DEFENSE
أخمد	put out 	DEFENSE
استخدم الطائره	take flight 	DEFENSE
زحف	drag out 	DEFENSE
سحب، استخلاص، رسم، شد استدراج	draw out 	DEFENSE
انفصال	break down 	DEFENSE
يجلب	bring down 	DEFENSE
خبط	strike down 	DEFENSE
تقليص	wind down 	DEFENSE
يتم إحتوائه	wrap up 	DEFENSE
إثارة	stir up 	DEFENSE
يسخرون	scoff at 	DEFENSE
استمع إلى	listen in	DEFENSE
سلك الصنبور	wire tap 	DEFENSE
تسوية	iron out	DEFENSE
يصوب او يهدف	straighten out	DEFENSE
ضع ارضا	put down 	DEFENSE
هيا تعال	come up 	DEFENSE
تحرك	move up	DEFENSE
اربط	lock in	DEFENSE
اغلق	lock up	DEFENSE
إنزال	drop off 	DEFENSE
اركب	get on 	DEFENSE
ضع	put up 	DEFENSE
طرح	put forward 	DEFENSE
التمسك ب	get hold of 	DEFENSE
تنفيذ	carry out 	DEFENSE
التهوين	play down 	DEFENSE
استبعاد	rule out	DEFENSE
كشف علامة	reveal sign	DEFENSE
نرتقي الى	live up to	DEFENSE
ابحث عن	look for	DEFENSE
البحث عن	search for 	DEFENSE
يتم تحديد	is determined 	DEFENSE
يخلط	shake up 	DEFENSE
الشروع في	embark on	DEFENSE
انطلاق	kick off	DEFENSE
افتح	open up	DEFENSE
تورط	set in motion 	DEFENSE
تدعيم	beef up  	DEFENSE
أنشأ	build up 	DEFENSE
يختم، ينهي	wind up 	DEFENSE
وضح	clear up 	DEFENSE
يحيط علما	take note 	DEFENSE
مراقبة	watch over 	DEFENSE
استعد	gear up	DEFENSE
نلتقي	get together 	DEFENSE
ابتعد أو ارحل	go away 	DEFENSE
انفروا	go forth 	DEFENSE
اذهب إلى	go to 	DEFENSE
اترك خلفك	leave behind 	DEFENSE
إسحب للخارج	pull out	DEFENSE
إضراب	walk out	DEFENSE
اكتشف	find out 	DEFENSE
أسأل عن	ask for	DEFENSE
التواصل مع	communicate with	DEFENSE
مقابله مع	meet with 	DEFENSE
واجهت	run into 	DEFENSE
أعط ملاحظة	give notice 	DEFENSE
إرسال كلمة	send word 	DEFENSE
جنب مع	side with	DEFENSE
تدعيم	beef up	DEFENSE
خطوة للأعلى	step up 	DEFENSE
التعادل	tie in 	DEFENSE
دفع ل	pay for 	DEFENSE
التدخل	step in 	DEFENSE
يراعي	look after	DEFENSE
يمر	go by 	DEFENSE
اذهب عبر	go through 	DEFENSE
تجزئة خارج	hash out	DEFENSE
استقر على	settle on	DEFENSE
انتهى الكلام	talk over	DEFENSE
تحرر	set free 	DEFENSE
يعترف بالهزيمة - يتراجع	back down	DEFENSE
عائق	draw back 	DEFENSE
اخرج	get out 	DEFENSE
اسحب للخلف	pull back  	DEFENSE
إسحب للخارج	pull out 	DEFENSE
تقيد	abide by	DEFENSE
تتفق مع	conform to	DEFENSE
أوقع	drop out 	DEFENSE
الاستسلام	give in 	DEFENSE
استسلم	give up 	DEFENSE
تغاضى	look over	DEFENSE
يتطلع الى	glance over	DEFENSE
اخلع ملابسك	dress down 	DEFENSE
انتقاد	lash out 	DEFENSE
اللجام في	bridle at	DEFENSE
أستدعاء	call up	DEFENSE
يطبل	drum up 	DEFENSE
سحب معا	pull together	DEFENSE
تطويق	cordon off	DEFENSE
رفض بالتصويت	vote down	DEFENSE
قمع	crack down 	DEFENSE
اعتقال و	arrest and 	DEFENSE
يتولى	take over 	DEFENSE
اقصاء	boot out	DEFENSE
طرد	kick out  	DEFENSE
إمسح	wipe out	DEFENSE
ينفجر	blow up 	DEFENSE
المسدس	gun down 	DEFENSE
خطف وقتل	kidnapped and killed 	DEFENSE
مقتل و	killed and 	DEFENSE
قتل أو	killed or 	DEFENSE
اسقاط	shoot down 	DEFENSE
القضاء على	stamp out 	DEFENSE
علق	string up 	DEFENSE
هجوم وطعن	attacked and stabbed 	DEFENSE
دافع	fight back 	DEFENSE
محاربة أسفل	fight down 	DEFENSE
اطلاق النار و	shot and 	DEFENSE
تأهب ل	square off	DEFENSE
حرب الأجور	wage war	DEFENSE
غزوة	foray into	DEFENSE
تطفل على	intrude on	DEFENSE
مرحلة ما قبل المدرسة	preschool	EARLY CHILDHOOD EDUCATION
ما قبل المدرسة	pre school	EARLY CHILDHOOD EDUCATION
روضة أطفال	kindergarten	EARLY CHILDHOOD EDUCATION
الروضة	kindergartener	EARLY CHILDHOOD EDUCATION
تعليم الطفولة المبكرة	early childhood education	EARLY CHILDHOOD EDUCATION
اسبقية	head start	EARLY CHILDHOOD EDUCATION
ك ما قبل	pre k	EARLY CHILDHOOD EDUCATION
رياض الأطفال قبل	pre kindergarden	EARLY CHILDHOOD EDUCATION
مدرسة	school	SCHOOLS
الأكاديمية	academy	SCHOOLS
كلية	college	POSTSECONDARY EDUCATION
جامعة	university	POSTSECONDARY EDUCATION
دكتور جامعى	professor	POSTSECONDARY EDUCATION
تعليم عالى	higher education	POSTSECONDARY EDUCATION
في مرحلة ما بعد التعليم الثانوي	post secondary education	POSTSECONDARY EDUCATION
في مرحلة ما بعد التعليم الثانوي	postsecondary education	POSTSECONDARY EDUCATION
مدرسة القانون	law school	POSTSECONDARY EDUCATION
كلية الطب	medical school	POSTSECONDARY EDUCATION
تخرج من المدرسه	graduate school	POSTSECONDARY EDUCATION
درجة البكالوريوس	bachelor degree	POSTSECONDARY EDUCATION
شهادة ماجستير	master degree	POSTSECONDARY EDUCATION
دكتوراه	doctorate	POSTSECONDARY EDUCATION
إصلاح التعليم	education reform	EDUCATION REFORM
المصلح التعليم	education reformer	EDUCATION REFORM
الإصلاحات التعليمية	educational reforms	EDUCATION REFORM
إصلاح تمويل التعليم	education funding reform	EDUCATION REFORM
إصلاح المدارس	school reform	EDUCATION REFORM
المنهج الجديد	new curriculum	EDUCATION REFORM
معرفة القراءة والكتابة	literacy	LITERACY
مثقف	literate	LITERACY
أمي	illiterate	LITERACY
الأميين	illiterates	LITERACY
أمية	illiteracy	LITERACY
سياحة	tourism	TOURISM
touristry	touristry	TOURISM
مسافر	traveler	TOURISM
سياح	holidaymaker	TOURISM
السيارة السياحية	tourer	TOURISM
سياحي	tourist	TOURISM
نفط	oil	OIL
النفط الخام الخفيف الحلو	light sweet crude	OIL
الخام الثقيل	heavy crude	OIL
البترول	petroleum	OIL
رمل داكن	tar sand	OIL
الغازولين	gasoline	OIL
ديزل	diesel fuel	OIL
وقود الطائرات	jet fuel	OIL
كيروسين	kerosene	OIL
بنزين	petrol	OIL
وقود السيارات	vehicle fuel	OIL
زيت الوقود	fuel oil	OIL
النفط الأحفوري	fossil oil	OIL
فحم	coal	COAL
فحم الإنتراسيت	anthracite	COAL
الليجنيت ضرب من الفحم الحجرى	lignite	COAL
قارى	bituminous	COAL
الميثان	methane	NATURAL GAS
غاز طبيعي	natural gas	NATURAL GAS
فراك	frack	NATURAL GAS
التكسير	fracking	NATURAL GAS
الغاز الصخري	shale gas	NATURAL GAS
الطاقة النووية	nuclear energy	NUCLEAR ENERGY
مفاعل نووي	nuclear reactor	NUCLEAR ENERGY
محطة نووية	nuclear plant	NUCLEAR ENERGY
القوة النووية	nuclear power	NUCLEAR ENERGY
الألواح الشمسية	solar panel	RENEWABLE ENERGY
الضوئية	photovoltaic	RENEWABLE ENERGY
الطاقة الشمسية	solar power	RENEWABLE ENERGY
الطاقة الشمسية	solar power	RENEWABLE ENERGY
طاقة شمسية	solar energy	RENEWABLE ENERGY
توربينات الرياح	wind turbine	RENEWABLE ENERGY
مزرعة الرياح	wind farm	RENEWABLE ENERGY
قوة الرياح	wind power	RENEWABLE ENERGY
الطاقة الكهرومائية	hydroelectric	RENEWABLE ENERGY
الطاقة الكهرومائية	hydroelectricity	RENEWABLE ENERGY
الطاقة الكهرومائية	hydropower	RENEWABLE ENERGY
الكتلة الحيوية	biomass	RENEWABLE ENERGY
الوقود الحيوي	biofuel	RENEWABLE ENERGY
الطاقة الحرارية الأرضية	geothermal energy	RENEWABLE ENERGY
الطاقة الحرارية الجوفية	geothermal power	RENEWABLE ENERGY
الجنوب إلى الجنوب	south to south	SOUTH-TO-SOUTH
من الجنوب الى الجنوب	south-to-south	SOUTH-TO-SOUTH
تبادل المعارف	knowledge exchange	SOUTH-TO-SOUTH
مساعدات أجنبية	foreign aid	FOREIGN AID
المساعدة الإنمائية	development assistance	FOREIGN AID
تنمية الدولية	international development	FOREIGN AID
المانحين الدوليين	international donor	FOREIGN AID
مساعدات المانحين	donor aid	FOREIGN AID
مساعدة الديمقراطية	democracy assistance	FOREIGN AID
تعزيز الديمقراطية	democracy promotion	FOREIGN AID
المساعدات الخارجية	foreign assistance	FOREIGN AID
أنت قلت	usaid	FOREIGN AID
ميث	meth	DRUGS
الميثامفيتامين	methamphetamine	DRUGS
كوكايين	cocaine	DRUGS
الهيروين	heroin	DRUGS
أفيون	opium	DRUGS
LSD	lsd	DRUGS
تيمازيبام	temazepam	DRUGS
تعاطي المخدرات وصفة طبية	prescription drug abuse	DRUGS
العقاقير غير المشروعة	illegal drug	DRUGS
مخدر	narcotic	DRUGS
القنب	cannabis	DRUGS
غبار الملاك	angel dust	DRUGS
قنب هندي	marijuana	DRUGS
ثلاجة	reefer	DRUGS
أفيون	opium	DRUGS
المهلوسات	hallucinogen	DRUGS
الهلوسة	hallucinogenic	DRUGS
hallucinogenics	hallucinogenics	DRUGS
بيع المخدرات	selling drugs	DRUGS
المخدرات غير المشروعة	illicit drug	DRUGS
المخدرات غير المشروعة	illicit drugs	DRUGS
حشيش مخدر	hashish	DRUGS
MDMA	mdma	DRUGS
تجارة المخدرات	drug trade	DRUG TRADE
تهريب المخدرات	drug trafficking	DRUG TRADE
تهريب المخدرات	drug smuggling	DRUG TRADE
القتل المخدرات	drug killings	DRUG TRADE
قتل المخدرات	drug killing	DRUG TRADE
العنف المرتبط بتجارة المخدرات	drug violence	DRUG TRADE
مخدرات	narco	DRUG TRADE
narcos	narcos	DRUG TRADE
الاتجار المخدرة	narcotic trafficking	DRUG TRADE
بائع المخدرات	drug pusher	DRUG TRADE
تاجر مخدرات	drug dealer	DRUG TRADE
عصابة مخدرات	drug cartel	DRUG TRADE
مافيا	mafia	ORGANIZED CRIME
عصابة	gang	ORGANIZED CRIME
الشقي	mobster	ORGANIZED CRIME
جريمة منظمة	organized crime	ORGANIZED CRIME
الجريمة المنظمة	organised crime	ORGANIZED CRIME
مافيا المزعوم	alleged mafioso	ORGANIZED CRIME
المبتز	racketeer	ORGANIZED CRIME
مبتز للأموال	racketeering	ORGANIZED CRIME
سرقة	robbery	COMMON ROBBERY
سرقة	robbed	COMMON ROBBERY
السطو	burglary	COMMON ROBBERY
لص	burglar	COMMON ROBBERY
نشال	pickpocket	COMMON ROBBERY
نشال	pickpocket	COMMON ROBBERY
نشال	pickpocket	COMMON ROBBERY
اختيار جيب	pick pocket	COMMON ROBBERY
اختيار جيب	pick pocket	COMMON ROBBERY
السارق	thief	COMMON ROBBERY
السارق	robber	COMMON ROBBERY
جريمة شارع	street crime	COMMON ROBBERY
مجرم الشارع	street criminal	COMMON ROBBERY
متطرف	extremist	ID EXTREMISM
التطرف	extremism	ID EXTREMISM
تطرف	radicalize	ID EXTREMISM
التطرف	radicalization	ID EXTREMISM
اليسار المتطرف	extreme left	ID EXTREMISM
اليمين المتطرف	extreme right	ID EXTREMISM
أصولي	radical	ID EXTREMISM
متعصب	fanatical	ID EXTREMISM
تعصب	fanaticism	ID EXTREMISM
أقصى اليسار	far left	ID EXTREMISM
اقصى اليمين	far right	ID EXTREMISM
أقصى اليسار	farleft	ID EXTREMISM
اقصى اليمين	farright	ID EXTREMISM
عنصر هامش	fringe element	ID EXTREMISM
النازي	nazi	ID EXTREMISM
neonazi	neonazi	ID EXTREMISM
متعصب	zealot	ID EXTREMISM
نقص	shortage	SHORTAGE
نقص	shortages	SHORTAGE
تقنين	rationing	SHORTAGE
انقطاع التيار	outages	SHORTAGE
انقطاع التيار الكهربائى	blackouts	SHORTAGE
انخفاضها	brownouts	SHORTAGE
إنقطاع كهربائي	power blackout	ELECTRICITY OUTAGE
إنقطاع الطاقة	power failure	ELECTRICITY OUTAGE
أنقطاع الكهرباء	power outage	ELECTRICITY OUTAGE
خرج السلطة	knocked out power	ELECTRICITY OUTAGE
انقطاع الكهرباء	power disruption	ELECTRICITY OUTAGE
انقطاع الكهرباء	disruption of power	ELECTRICITY OUTAGE
بدون قوة	without power	ELECTRICITY OUTAGE
لاستعادة السلطة	to restore power	ELECTRICITY OUTAGE
لاستعادة الكهرباء	to restore electricity	ELECTRICITY OUTAGE
خط كهرباء اسقطت	downed power line	ELECTRICITY OUTAGE
من دون كهرباء	without electricity	ELECTRICITY OUTAGE
يتم استعادة السلطة متعود	power wont be restored	ELECTRICITY OUTAGE
أسعار المواد الغذائية	price of food	FOOD SECURITY
أسعار المواد الغذائية	cost of food	FOOD SECURITY
أمن غذائي	food security	FOOD SECURITY
نقص الغذاء	food shortage	FOOD SECURITY
جوع	starvation	FOOD SECURITY
الحصول على الأغذية	food access	FOOD SECURITY
مجاعة	famine	FOOD SECURITY
الغذاء وصول	access food	FOOD SECURITY
مساعدة غذائية	food aid	FOOD SECURITY
مجاعة	famine	FOOD SECURITY
نقص في الطعام	lack of food	FOOD SECURITY
أزمة الغذاء	food crisis	FOOD SECURITY
طوارئ غذائية	food emergency	FOOD SECURITY
فشل المحاصيل	crop failure	FOOD SECURITY
فشل المحاصيل	crop fail	FOOD SECURITY
فشل المحصول	failure of the crop	FOOD SECURITY
فشل المحاصيل	failure of crop	FOOD SECURITY
malnourish	malnourish	FOOD SECURITY
سوء التغذية	malnourishment	FOOD SECURITY
يعانون من سوء التغذية	malnourished	FOOD SECURITY
سوء التغذية	malnutrition	FOOD SECURITY
جفاف	drought	WATER SECURITY
نقص في المياه	water shortage	WATER SECURITY
يشرب الماء	drinking water	WATER SECURITY
الحصول على المياه	water access	WATER SECURITY
الأمن المائي	water security	WATER SECURITY
نقص في المياه	water shortage	WATER SECURITY
ندرة المياه	water scarcity	WATER SECURITY
نقص المياه	shortage of water	WATER SECURITY
أزمة المياه	water crisis	WATER SECURITY
إمدادات المياه	water supply	WATER SECURITY
طوارئ المياه	water emergency	WATER SECURITY
مستوى المياه	water level	WATER SECURITY
التصحر	desertification	WATER SECURITY
شح الأمطار	poor rainfall	WATER SECURITY
قلة الأمطار	lack of rainfall	WATER SECURITY
قلة الأمطار	lack of rain	WATER SECURITY
لا مطر	no rain	WATER SECURITY
مياه صالحة للشرب	potable water	WATER SECURITY
الزراعة	agriculture	AGRICULTURE
زراعي	agricultural	AGRICULTURE
تربية الحيوان	animal husbandry	AGRICULTURE
مزرعة	farm	AGRICULTURE
مزرعة	farm	AGRICULTURE
مزارع	farmer	AGRICULTURE
صاحب المزرعه	rancher	AGRICULTURE
راعي	herder	AGRICULTURE
الرعاة	pastoralist	AGRICULTURE
ماشية	livestock	AGRICULTURE
ماشية	cattle	AGRICULTURE
ا & قتصاص	crop	AGRICULTURE
حصاد	harvest	AGRICULTURE
حصاد	harvest	AGRICULTURE
مبيدات الأعشاب	herbicide	AGRICULTURE
المبيدات الحشرية	pesticide	AGRICULTURE
الانتشار النووي	nuclear proliferation	ID PROLIFERATION
انتشار السلاح	weapon proliferation	ID PROLIFERATION
عدم الانتشار	non proliferation	ID PROLIFERATION
منع الانتشار النووي	nonproliferation	ID PROLIFERATION
انتشار الأسلحة	arms proliferation	ID PROLIFERATION
انتشار الصواريخ	missile proliferation	ID PROLIFERATION
انتشار تكنولوجيا الصواريخ	missile technology proliferation	ID PROLIFERATION
الألغام الأرضية	landmine	LANDMINE
لغم أرضي	land mine	LANDMINE
لغم أرضي	land mine	LANDMINE
الألغام المضادة للأفراد	antipersonnel mine	LANDMINE
لغم مضاد أفراد	anti personnel mine	LANDMINE
لغم مضاد للدبابات	anti tank mine	LANDMINE
قنبلة مزروعة على الطريق	roadside bomb	IED
قنبلة مزروعة على الطريق	roadside bomb	IED
قنبلة محلية الصنع	homemade bomb	IED
انفجار سيارة	carbomb	IED
سيارات مفخخة	carbombs	IED
carbombing	carbombing	IED
انفجار سيارة	car bomb	IED
انفجار سيارة	car bomb	IED
شاحنة مفخخة	truck bomb	IED
شاحنة مفخخة	truck bomb	IED
قنبلة أنبوبية	pipe bomb	IED
قنبلة أنبوبية	pipe bomb	IED
قنبلة الأظافر	nail bomb	IED
قنبلة الأظافر	nail bomb	IED
مسمار قصف	nail bombed	IED
تفجير مسمار	nail bombing	IED
العبوات الناسفة	ied	IED
العبوات الناسفة	ieds	IED
عبوة ناسفة	improvised explosive device	IED
بناء جديدة	build new	NEW CONSTRUCTION
الطريق الجديد	new roadway	NEW CONSTRUCTION
طريق سريع جديد	new highway	NEW CONSTRUCTION
جسر جديد	new overpass	NEW CONSTRUCTION
جسر جديد	new bridge	NEW CONSTRUCTION
قفص الاتهام الجديد	new dock	NEW CONSTRUCTION
مساكن جديدة	new housing	NEW CONSTRUCTION
منزل جديد	new house	NEW CONSTRUCTION
بناء جديدة	construct new	NEW CONSTRUCTION
كسر الأرض	break ground	NEW CONSTRUCTION
بناء جديدة	construct new	NEW CONSTRUCTION
بناء جديد	new construction	NEW CONSTRUCTION
البدء في بناء	begin construction	NEW CONSTRUCTION
مشروع بناء	construction project	NEW CONSTRUCTION
طاقم البناء	construction crew	NEW CONSTRUCTION
طفرة البناء	construction boom	NEW CONSTRUCTION
بناء الازدهار	boom construction	NEW CONSTRUCTION
أزيز	drone	DRONE
الطائرات بدون طيار	uav	DRONE
الطائرات بدون طيار	uavs	DRONE
من دون طيار جوي	unmanned aerial	DRONE
الروبوت تحلق	flying robot	DRONE
روبوت عسكري	military robot	DRONE
الروبوتات المحلقة	flying robots	DRONE
الروبوتات العسكرية	military robots	DRONE
مركبة جوية بدون طيار	unmanned combat air vehicle	DRONE
ضربة جوية	airstrike	AIRSTRIKE
غارة جوية	air raid	AIRSTRIKE
ضربة جوية	air strike	AIRSTRIKE
ضربة جراحية	surgical strike	AIRSTRIKE
تفجير المدى	bombing run	AIRSTRIKE
القصف الجوي	aerial bombardment	AIRSTRIKE
مهمة قصف	bombing mission	AIRSTRIKE
عاقب	strafe	AIRSTRIKE
الحملة الجوية	air campaign	AIRSTRIKE
حملة جوية	aerial campaign	AIRSTRIKE
القصف الجوي	aerial bombing	AIRSTRIKE
حملة القصف	bombing campaign	AIRSTRIKE
الدعم الجوي القريب	close air support	AIRSTRIKE
ديمقراطية	democracy	ID DEMOCRACY
ديمقراطي	democratic	ID DEMOCRACY
الديمقراطية	democratize	ID DEMOCRACY
الديمقراطية	democratise	ID DEMOCRACY
المهاجر	immigrant	ID IMMIGRATION
هجرة	immigration	ID IMMIGRATION
حي الفقراء	slum	SLUMS
فافيلا	favela	SLUMS
العشوائية	informal settlement	SLUMS
سكان الأحياء الفقيرة	slum dweller	SLUMS
كوخ بمدني	shack dweller	SLUMS
حي فقير	shantytown	SLUMS
مدينة الصفيح	shanty town	SLUMS
ناشط	activist	ACTIVISM
النشاط	activism	ACTIVISM
العنف ضد المرأة	violence against women	GENDER VIOLENCE
العنف ضد المرأة	gender violence	GENDER VIOLENCE
العنف المنزلي	domestic violence	GENDER VIOLENCE
جريمة كراهية المرأة	woman hate crime	GENDER VIOLENCE
ضرب زوجته	beat his wife	GENDER VIOLENCE
امرأة يتعرضن للضرب	battered woman	GENDER VIOLENCE
العنف الجنسي	sexual violence	GENDER VIOLENCE
عنف الشريك الحميم	intimate partner violence	GENDER VIOLENCE
جرائم الشرف	honor killing	GENDER VIOLENCE
استغلال الجنسي	sexual exploit	GENDER VIOLENCE
استغلال الجنسي	sexually exploit	GENDER VIOLENCE
جريمة جنسية	sex crime	GENDER VIOLENCE
جريمة جنسية	sexual crime	GENDER VIOLENCE
الجنس الرقيق	sex slave	GENDER VIOLENCE
العبودية الجنسية	sex slavery	GENDER VIOLENCE
الرقيق الجنسي	sexual slave	GENDER VIOLENCE
الاسترقاق الجنسي	sexual slavery	GENDER VIOLENCE
الاعتداء الجنسي	sex abuse	GENDER VIOLENCE
المعتدي الجنس	sex abuser	GENDER VIOLENCE
العنف الجنسي	sexual abuse	GENDER VIOLENCE
المعتدي الجنسي	sexual abuser	GENDER VIOLENCE
يتعاطون الجنسي	sexual abusing	GENDER VIOLENCE
اعتداء الجنسي	sexually abused	GENDER VIOLENCE
سوء السلوك الجنسي	sexual misconduct	GENDER VIOLENCE
العنف الجنسي	sexual violence	GENDER VIOLENCE
العنف القائم على نوع الجنس	gender based violence	GENDER VIOLENCE
اغتصاب	rape	RAPE
مغتصب	rapist	RAPE
اغتصاب	rape	RAPE
مثلي الجنس	gay	LGBT
مثليون جنسيا	gays	LGBT
مثليه	lesbian	LGBT
مثليات	lesbians	LGBT
ثنائي الجنس	bisexual	LGBT
ثنائيي الجنس	bisexuals	LGBT
المتحولين جنسيا	transgender	LGBT
transexual	transexual	LGBT
الرجل العابر	trans man	LGBT
امرأة متحولة	trans woman	LGBT
الرجال العابر	trans men	LGBT
المرأة المتحولة	trans women	LGBT
الأقليات الجنسية	sexual minority	LGBT
المثليين	lgbt	LGBT
lgbts	lgbts	LGBT
غلبت	glbt	LGBT
المثلي	lgbtq	LGBT
lgbtqi	lgbtqi	LGBT
فخر موكب	pride parade	LGBT
فخر مسيرة	pride march	LGBT
الميول الجنسية	sexual orientation	LGBT
مثلي الجنس فخر	gay pride	LGBT
مثلي الجنس	homosexual	LGBT
المثلية	homosexuality	LGBT
الجنسية المثلية	homophobia	LGBT
الخوف من المثليين	homophobic	LGBT
homophobe	homophobe	LGBT
رهاب إزدواجية الميل	biphobia	LGBT
biphobic	biphobic	LGBT
transphobia	transphobia	LGBT
transphobic	transphobic	LGBT
الهوية الجنسية	gender identity	LGBT
lgbqt	lgbqt	LGBT
نفس زوجين ممارسة الجنس	same sex couple	LGBT
الزواج من نفس الجنس	same sex marriage	LGBT
عليل	queer	LGBT
genderqueer	genderqueer	LGBT
المساواة في الزواج	marriage equality	LGBT
حق من حقوق الإنسان	human right	HUMAN RIGHTS
الحق المدني	civil right	HUMAN RIGHTS
الحقوق الدينية	religious rights	HUMAN RIGHTS
حقوق المرأة	womens rights	HUMAN RIGHTS
الحقوق الفردية	individual rights	HUMAN RIGHTS
الحرية الدينية	religious freedom	HUMAN RIGHTS
حرية الدين	freedom of religion	HUMAN RIGHTS
حرية سياسية	political freedom	HUMAN RIGHTS
حرية التعبير	free speech	HUMAN RIGHTS
حرية التعبير	freedom of speech	HUMAN RIGHTS
التسامح الديني	religious tolerance	HUMAN RIGHTS
التسامح العرقي	racial tolerance	HUMAN RIGHTS
المساواة بين الجنسين	sexual equality	HUMAN RIGHTS
المساواة الدينية	religious equality	HUMAN RIGHTS
المساواة الاجتماعية	social equality	HUMAN RIGHTS
تعذيب	torture	ID TORTURE
تعذيب	torturing	ID TORTURE
تعذيب	tortured	ID TORTURE
عنصرية	racism	DISCRIMINATION
عنصري	racist	DISCRIMINATION
تمييزي	discriminatory	DISCRIMINATION
تمييز	discrimination	DISCRIMINATION
تميز ضد	discriminate against	DISCRIMINATION
مكافحة مثلي الجنس	anti gay	DISCRIMINATION
antigay	antigay	DISCRIMINATION
مكافحة مثلي الجنس	anti gay	DISCRIMINATION
تعنيف المثليين	gay bashing	DISCRIMINATION
تعنيف المثليين	gaybashing	DISCRIMINATION
الخوف من المثليين	homophobic	DISCRIMINATION
الجنسية المثلية	homophobia	DISCRIMINATION
افتراء	slur	DISCRIMINATION
رهاب الأجانب	xenophobia	DISCRIMINATION
أجانب	xenophobic	DISCRIMINATION
متعصب	bigot	DISCRIMINATION
تعصب أعمى	bigotry	DISCRIMINATION
رهاب الأجانب	xenophobia	DISCRIMINATION
أجانب	xenophobic	DISCRIMINATION
xenophobe	xenophobe	DISCRIMINATION
الاتجار بالبشر	human trafficking	HUMAN TRAFFICKING
مهرب البشر	human trafficker	HUMAN TRAFFICKING
الاتجار بالجنس	sex trafficking	HUMAN TRAFFICKING
مهرب الجنس	sex trafficker	HUMAN TRAFFICKING
سخرة	forced labor	HUMAN TRAFFICKING
تهريب البشر	human smuggling	HUMAN TRAFFICKING
مهرب البشر	human smuggler	HUMAN TRAFFICKING
مهربي البشر	human smugglers	HUMAN TRAFFICKING
عقوبة	sanction	SANCTIONS
حظر	embargo	SANCTIONS
حظر	embargo	SANCTIONS
سلاح الدمار الشامل	weapon of mass destruction	WMD
أسلحة الدمار الشامل	wmd	WMD
أسلحة الدمار الشامل	wmds	WMD
ICBM	icbm	NUCLEAR WEAPONS
قارات	icbms	NUCLEAR WEAPONS
صاروخ عابر للقارات	intercontinental ballistic missile	NUCLEAR WEAPONS
عدة السيارة العائدة المستهدفة بشكل مستقل	multiple independently targeted reentry vehicle	NUCLEAR WEAPONS
المسلحة النووي	nuclear armed	NUCLEAR WEAPONS
قنبلة نووية	nuclear bomb	NUCLEAR WEAPONS
صواريخ كروز النووية	nuclear cruise missile	NUCLEAR WEAPONS
صاروخ نووي	nuclear missile	NUCLEAR WEAPONS
الرؤوس النووية	nuclear tipped	NUCLEAR WEAPONS
المظلة النووية	nuclear umbrella	NUCLEAR WEAPONS
حرب نووية	nuclear war	NUCLEAR WEAPONS
الحرب النووية	nuclear warfare	NUCLEAR WEAPONS
السلاح النووي	nuclear weapon	NUCLEAR WEAPONS
الذراع النووي	nuclear arm	NUCLEAR WEAPONS
قنبلة هيدروجينية	thermonuclear weapon	NUCLEAR WEAPONS
قنبلة نووية حرارية	thermonuclear bomb	NUCLEAR WEAPONS
صاروخ حراري	thermonuclear missile	NUCLEAR WEAPONS
اليورانيوم صناعة الأسلحة	weapons grade uranium	NUCLEAR WEAPONS
البلوتونيوم	weapons grade plutonium	NUCLEAR WEAPONS
قنبلة قذرة	dirty bomb	RADIOLOGICAL WEAPONS
قنبلة إشعاعية	radiological bomb	RADIOLOGICAL WEAPONS
جهاز إشعاعي	radiological device	RADIOLOGICAL WEAPONS
هجوم الجمرة الخبيثة	anthrax attack	BIOLOGICAL WEAPONS
الحرب البيولوجية	biological war	BIOLOGICAL WEAPONS
الحرب البيولوجية	biological warfare	BIOLOGICAL WEAPONS
سلاح بيولوجي	biological weapon	BIOLOGICAL WEAPONS
الجدري المحول إلى سلاح	weaponized smallpox	BIOLOGICAL WEAPONS
تسلحي الايبولا	weaponized ebola	BIOLOGICAL WEAPONS
الأسلحة الجرثومية	bacteriological weapons	BIOLOGICAL WEAPONS
سلاح البكتريولوجي	bacteriological weapon	BIOLOGICAL WEAPONS
هجوم بيولوجي	biological attack	BIOLOGICAL WEAPONS
الإرهاب البيولوجي	bioterrorism	BIOLOGICAL WEAPONS
إرهابي بيولوجي	bioterrorist	BIOLOGICAL WEAPONS
bioterrists	bioterrists	BIOLOGICAL WEAPONS
الحيوي سلاح	bio weapon	BIOLOGICAL WEAPONS
الذخائر الكيميائية	chemical munition	CHEMICAL WEAPONS
الرؤوس الحربية الكيميائية	chemical warhead	CHEMICAL WEAPONS
الحرب الكيميائية	chemical war	CHEMICAL WEAPONS
حرب كيمايئية	chemical warfare	CHEMICAL WEAPONS
سلاح كيميائي	chemical weapon	CHEMICAL WEAPONS
استخدام الغازات السامة	use of poison gas	CHEMICAL WEAPONS
هجوم بالغاز	gas attack	CHEMICAL WEAPONS
مخزون المواد الكيميائية	chemical stockpile	CHEMICAL WEAPONS
هجوم كيماوي	chemical attack	CHEMICAL WEAPONS
السارين الرؤوس	sarin warhead	CHEMICAL WEAPONS
غاز السارين	sarin gas	CHEMICAL WEAPONS
غاز الخردل	mustard gas	CHEMICAL WEAPONS
غاز الأعصاب	nerve gas	CHEMICAL WEAPONS
كتلة الانترنت	block website	INTERNET CENSORSHIP
تم حظر الموقع	website is blocked	INTERNET CENSORSHIP
موقع كتلة	block site	INTERNET CENSORSHIP
الانترنت كتلة	block internet	INTERNET CENSORSHIP
الانترنت الرقيب	censor internet	INTERNET CENSORSHIP
الرقابة على الإنترنت	online censorship	INTERNET CENSORSHIP
فرض رقابة على الانترنت	online censoring	INTERNET CENSORSHIP
حرية الإنترنت	internet freedom	INTERNET CENSORSHIP
الرقيب الإنترنت	internet censor	INTERNET CENSORSHIP
الرقيب الإنترنت	internet censor	INTERNET CENSORSHIP
وفرض الرقابة على الإنترنت	internet is censored	INTERNET CENSORSHIP
الرقابة على الإنترنت	internet censorship	INTERNET CENSORSHIP
صافي الرقابة	net censorship	INTERNET CENSORSHIP
الرقابة على الشبكة	censorship of the net	INTERNET CENSORSHIP
الرقابة على الإنترنت	censorship of the internet	INTERNET CENSORSHIP
الرقابة على الإنترنت	censorship of the web	INTERNET CENSORSHIP
حملة على وسائل الاعلام الاجتماعية	crackdown on social media	INTERNET CENSORSHIP
قيود على وسائل الاعلام الاجتماعية	restriction on social media	INTERNET CENSORSHIP
جدار الحماية العظيم	great firewall	INTERNET CENSORSHIP
حملة وسائل الإعلام	media crackdown	MEDIA CENSORSHIP
حرية الصحافة	press freedom	MEDIA CENSORSHIP
حرية الصحافة	freedom of the press	MEDIA CENSORSHIP
صحفي اعتقل	journalist arrested	MEDIA CENSORSHIP
صحفي اعتقال	arrest journalist	MEDIA CENSORSHIP
اعتقال مراسل	reporter arrest	MEDIA CENSORSHIP
مراسل التوقيف	arrest reporter	MEDIA CENSORSHIP
اعتقال صحفي	journalist arrest	MEDIA CENSORSHIP
صحفي اعتقال	arrest journalist	MEDIA CENSORSHIP
اعتقال مراسل	reporter arrest	MEDIA CENSORSHIP
مراسل التوقيف	arrest reporter	MEDIA CENSORSHIP
كتاب المحظورة	banned book	MEDIA CENSORSHIP
حملة وسائل الإعلام	media crackdown	MEDIA CENSORSHIP
حملة على وسائل الإعلام	crackdown on the media	MEDIA CENSORSHIP
حملة على وسائل الاعلام	crackdown on media	MEDIA CENSORSHIP
ترهيب وسائل الإعلام	intimidation of the media	MEDIA CENSORSHIP
تخويف الصحافة	intimidation of the press	MEDIA CENSORSHIP
ترهيب وسائل الإعلام	intimidation of media	MEDIA CENSORSHIP
تخويف الصحافة	intimidation of press	MEDIA CENSORSHIPINTIMIDATION OF THE MEDIA
ترهيب الصحفيين	intimidation of journalists	MEDIA CENSORSHIP
الترهيب من الصحفيين	intimidation of reporters	MEDIA CENSORSHIP
تخويف الصحفي	intimidate journalist	MEDIA CENSORSHIP
تخويف الصحفي	intimidate journalist	MEDIA CENSORSHIP
الصحافة الترهيب	press intimidation	MEDIA CENSORSHIP
القيود المفروضة على الاعلام	media restrictions	MEDIA CENSORSHIP
القيود المفروضة على الصحافة	press restrictions	MEDIA CENSORSHIP
الرقابة على الإعلام	media censorship	MEDIA CENSORSHIP
الرقابة على الصحافة	press censorship	MEDIA CENSORSHIP
السيطرة على وسائل الإعلام	media control	MEDIA CENSORSHIP
السيطرة على الصحافة	press control	MEDIA CENSORSHIP
القيود المفروضة على الصحافة	restrictions on the press	MEDIA CENSORSHIP
السيطرة على وسائل الإعلام	control over the media	MEDIA CENSORSHIP
السيطرة على الصحافة	control over the press	MEDIA CENSORSHIP
الرقابة على وسائل الإعلام التقليدية	censorship of traditional media	MEDIA CENSORSHIP
انقلاب عسكري	military coup	COUP DISCUSSION
محاولة انقلاب	attempted coup	COUP DISCUSSION
مؤامرة انقلاب	coup plot	COUP DISCUSSION
قاعدة شاذة	coup d'etat	COUP DISCUSSION
بتدبير انقلاب	staging a coup	COUP DISCUSSION
مؤامرة انقلاب	coup plot	COUP DISCUSSION
انتخاب	election	ELECTION
ناخب	voter	ELECTION
الناخبين	voters	ELECTION
توجه إلى صناديق الاقتراع	head to the polls	ELECTION
الاقتراع	balloting	ELECTION
انتزاع الفدية	ransomware	MALWARE
حصان طروادة الكمبيوتر	computer trojan	MALWARE
أحصنة طروادة الكمبيوتر	computer trojans	MALWARE
فيروس كمبيوتر	computer virus	MALWARE
دودة الكمبيوتر	computer worm	MALWARE
كلوغر	keylogger	MALWARE
مسجل الرئيسية	key logger	MALWARE
ال keylogging	keylogging	MALWARE
الرئيسية مسجل السكتة الدماغية	key stroke logger	MALWARE
المفتاح المسجل	keystroke logger	MALWARE
راصد لوحة مفاتيح	keystroke logging	MALWARE
تسجيل السكتة الدماغية الرئيسي	key stroke logging	MALWARE
البرمجيات الخبيثة	malware	MALWARE
هجوم اليوم صفر	zero day attack	MALWARE
صفر يوم استغلال	zero day exploit	MALWARE
يوم الصفر	a zero day	MALWARE
الجذور الخفية	rootkit	MALWARE
الجذور الخفية	rootkits	MALWARE
برامج التجسس	spyware	MALWARE
أداة الوصول عن بعد	remote access tool	MALWARE
المرفقات الخبيثة	malicious attachment	MALWARE
وصول بعيد السري	clandestine remote access	MALWARE
الشيفرات الخبيثة	malicious code	MALWARE
آلة الضحية	victim's machine	MALWARE
التهديد المستمر المتقدمة	advanced persistent threat	CYBER SECURITY
bootkit	bootkit	CYBER SECURITY
الروبوتات	botnet	CYBER SECURITY
إقناعا	botnets	CYBER SECURITY
حماية الحاسوب	computer security	CYBER SECURITY
الذراع السيبرانية	cyber arm	CYBER SECURITY
cyberarms	cyberarms	CYBER SECURITY
هجوم الانترنت	cyber attack	CYBER SECURITY
هجوم الانترنت	cyberattack	CYBER SECURITY
هجوم المقهى	cyberattacks	CYBER SECURITY
القيادة السيبرانية	cyber command	CYBER SECURITY
الأوامر الإنترنت	cyber commands	CYBER SECURITY
الجريمة الإلكترونية	cyber crime	CYBER SECURITY
الجريمة الإلكترونية	cybercrime	CYBER SECURITY
مجرم السيبرانية	cyber criminal	CYBER SECURITY
مجرمي الانترنت	cybercriminal	CYBER SECURITY
مجرمو الإنترنت	cybercriminals	CYBER SECURITY
المحتال الإنترنت	cyber crook	CYBER SECURITY
cybercrook	cybercrook	CYBER SECURITY
cybercrooks	cybercrooks	CYBER SECURITY
التجسس السيبراني	cyber espionage	CYBER SECURITY
cyberespionage	cyberespionage	CYBER SECURITY
cyberoperation	cyberoperation	CYBER SECURITY
cyberoperations	cyberoperations	CYBER SECURITY
الأمن السيبراني	cyber security	CYBER SECURITY
الأمن السيبراني	cybersecurity	CYBER SECURITY
الإرهاب السيبراني	cyber terror	CYBER SECURITY
cyberterror	cyberterror	CYBER SECURITY
الإرهاب الإليكتروني	cyber terrorism	CYBER SECURITY
الإرهاب الإليكتروني	cyberterrorism	CYBER SECURITY
أداة الإنترنت	cyber tool	CYBER SECURITY
التهديد الإنترنت	cyber threat	CYBER SECURITY
cyberthreat	cyberthreat	CYBER SECURITY
حرب الكترونية	cyber war	CYBER SECURITY
حرب الكترونية	cyberwar	CYBER SECURITY
الحرب الإلكترونية	cyber warfare	CYBER SECURITY
الحرب الإلكترونية	cyberwarfare	CYBER SECURITY
محارب السيبرانية	cyber warrior	CYBER SECURITY
cyberwarrior	cyberwarrior	CYBER SECURITY
cyberwarriors	cyberwarriors	CYBER SECURITY
سلاح السيبرانية	cyber weapon	CYBER SECURITY
الحرب الإلكترونية	cyberwarfare	CYBER SECURITY
الحرب الإلكترونية	cyber warfare	CYBER SECURITY
cyberweapon	cyberweapon	CYBER SECURITY
الأسلحة السيبرانية	cyber weaponry	CYBER SECURITY
cyberweaponry	cyberweaponry	CYBER SECURITY
cyberweapons	cyberweapons	CYBER SECURITY
سرقة البيانات	data theft	CYBER SECURITY
هجوم دوس	ddos attack	CYBER SECURITY
خرق البيانات	data breach	CYBER SECURITY
خرق البيانات	databreach	CYBER SECURITY
الحرمان من الخدمة	denial of service	CYBER SECURITY
هجوم الرقمي	digital attack	CYBER SECURITY
هجوم دوس	dos attack	CYBER SECURITY
دوس	ddos	CYBER SECURITY
هجوم إلكتروني	electronic attack	CYBER SECURITY
التجسس السيبراني	cyber espionage	CYBER SECURITY
القراصنة	hacker	CYBER SECURITY
القرصنة	hacking	CYBER SECURITY
hacktivist	hacktivist	CYBER SECURITY
hacktivists	hacktivists	CYBER SECURITY
hacktivistm	hacktivistm	CYBER SECURITY
التجسس إيندوستيرال	industiral espionage	CYBER SECURITY
جهاز الكمبيوتر المصاب	infected computer	CYBER SECURITY
كشف التسلل	intrusion detection	CYBER SECURITY
رجل في منتصف	man in the middle	CYBER SECURITY
رجل في منتصف الهجوم	man in the middle attack	CYBER SECURITY
رجل في منتصف الهجوم	man in the middle attack	CYBER SECURITY
تجريف الذاكرة	memory scraping	CYBER SECURITY
رجل في المتصفح	man in the browser	CYBER SECURITY
اختراق الشبكة	network breach	CYBER SECURITY
شبكة الاقتحام	network intrusion	CYBER SECURITY
الرمح التصيد	spear phish	CYBER SECURITY
التصيد	phish	CYBER SECURITY
مخادع	phisher	CYBER SECURITY
التصيد	phishing	CYBER SECURITY
phreaking	phreaking	CYBER SECURITY
أمن استغلال	security exploit	CYBER SECURITY
حقن SQL	sql injection	CYBER SECURITY
حاجز	roadblock	CHECKPOINT
نقطة تفتيش	checkpoint	CHECKPOINT
الأزمة الإنسانية	humanitarian crisis	HUMANITARIAN CRISIS
كارثة إنسانية	humanitarian disaster	HUMANITARIAN CRISIS
حالة طوارئ إنسانية	humanitarian emergency	HUMANITARIAN CRISIS
الإغاثة في حالات الكوارث	disaster relief	HUMANITARIAN CRISIS
الإغاثة الإنسانية	humanitarian relief	HUMANITARIAN CRISIS
الوضع الإنساني	humanitarian situation	HUMANITARIAN CRISIS
فساد	corruption	CORRUPTION
فاسد	corrupt	CORRUPTION
رشوة	kickback	CORRUPTION
مكافحة الفساد	anticorruption	CORRUPTION
مكافحة الفساد	anti corruption	CORRUPTION
تطعيم	graft	CORRUPTION
مكافحة الكسب غير المشروع	anti graft	CORRUPTION
antigraft	antigraft	CORRUPTION
مكافحة الكسب غير المشروع	anti graft	CORRUPTION
رشوة	bribery	CORRUPTION
مكافحة الرشوة	anti bribery	CORRUPTION
antibribery	antibribery	CORRUPTION
رشوة	bribe	CORRUPTION
رشوة	bribe	CORRUPTION
اختلاس	embezzlement	CORRUPTION
اختلس	embezzle	CORRUPTION
صندوق الخالي من الدسم	skim fund	CORRUPTION
اختلس	misappropriate	CORRUPTION
اختلاس	misappropriation	CORRUPTION
المحسوبيات	nepotism	CORRUPTION
تغير المناخ	climate change	CLIMATE CHANGE
الاحتباس الحرارى	global warming	CLIMATE CHANGE
تغير المناخ	change climate	CLIMATE CHANGE
غازات الاحتباس الحراري	greenhouse gas	CLIMATE CHANGE
المناخ الأكثر دفئا	warmer climate	CLIMATE CHANGE
كارثة بيئية	ecological catastrophe	SELF IDENTIFIED ENVIRON DISASTER
كارثة بيئية	ecological disaster	SELF IDENTIFIED ENVIRON DISASTER
كارثة بيئية	environmental catastrophe	SELF IDENTIFIED ENVIRON DISASTER
كارثة بيئية	environmental disaster	SELF IDENTIFIED ENVIRON DISASTER
الكوارث البيئية	ecological catastrophes	SELF IDENTIFIED ENVIRON DISASTER
الكوارث البيئية	ecological disasters	SELF IDENTIFIED ENVIRON DISASTER
الكوارث البيئية	environmental catastrophes	SELF IDENTIFIED ENVIRON DISASTER
الكوارث البيئية	environmental disasters	SELF IDENTIFIED ENVIRON DISASTER
الأمطار الغزيرة	intense rainfall	NATURAL DISASTER
منطقة الفيضانات	flood area	NATURAL DISASTER
الطريق الفيضانات	flood road	NATURAL DISASTER
مطر غزير	heavy rain	NATURAL DISASTER
ارتفاع المياه	high water	NATURAL DISASTER
الامطار الغزيرة	torrential rain	NATURAL DISASTER
الأمطار الموسمية	monsoon rain	NATURAL DISASTER
تأثير الكويكب	asteroid impact	NATURAL DISASTER
انهيار ثلجي	avalanche	NATURAL DISASTER
عاصفة ثلجية	blizzard	NATURAL DISASTER
حريق فرشاة	brush fire	NATURAL DISASTER
السد انفجر	burst dam	NATURAL DISASTER
حرائق الغابات	bushfire	NATURAL DISASTER
تأثير المذنب	comet impact	NATURAL DISASTER
الإعصار	cyclone	NATURAL DISASTER
انفجار السد	dam burst	NATURAL DISASTER
فشل السد	dam failure	NATURAL DISASTER
جفاف	drought	NATURAL DISASTER
زلزال	earthquake	NATURAL DISASTER
انفجار	eruption	NATURAL DISASTER
الثورات	eruptions	NATURAL DISASTER
اندلاع	erupting	NATURAL DISASTER
البرد القارس	extreme cold	NATURAL DISASTER
طقس قاس	extreme weather	NATURAL DISASTER
السدود فشلت	failed levee	NATURAL DISASTER
فشل السدود	levee failure	NATURAL DISASTER
فيضان	flood	NATURAL DISASTER
غمرت	flooded	NATURAL DISASTER
الفيضانات	flooding	NATURAL DISASTER
مياه الفيضان	floodwater	NATURAL DISASTER
مياه الفيضان	flood water	NATURAL DISASTER
اضواء الاشاره	flash flood	NATURAL DISASTER
كسر السد	dam break	NATURAL DISASTER
السد تجاوز	dam overflow	NATURAL DISASTER
طوفان مدمرة و	devasting deluge	NATURAL DISASTER
عاصفة ترابية	dust storm	NATURAL DISASTER
حريق الغابة	forest fire	NATURAL DISASTER
حريق العشب	grass fire	NATURAL DISASTER
حرائق الغابات	bushfire	NATURAL DISASTER
حرائق الغابات	bushfires	NATURAL DISASTER
بوش النار	bush fire	NATURAL DISASTER
حريق فرشاة	brush fire	NATURAL DISASTER
brushfire	brushfire	NATURAL DISASTER
حرق الغابات	forest burned	NATURAL DISASTER
مقياس ريختر	richter scale	NATURAL DISASTER
الثلوج الكثيفة	heavy snow	NATURAL DISASTER
مطر غزير	heavy rain	NATURAL DISASTER
اعصار	hurricane	NATURAL DISASTER
انخفاض حرارة الجسم	hypothermia	NATURAL DISASTER
انهيار أرضي	landslide	NATURAL DISASTER
فشل السدود	levee failure	NATURAL DISASTER
تأثير النيزك	meteorite impact	NATURAL DISASTER
تدفق الطين	mud flow	NATURAL DISASTER
التدفقات الطينية	mudflow	NATURAL DISASTER
شريحة الطين	mud slide	NATURAL DISASTER
انهيار وحلي	mudslide	NATURAL DISASTER
منازل دفن	buried homes	NATURAL DISASTER
كارثة طبيعية	natural disaster	NATURAL DISASTER
الحمم البركانية	pyroclastic	NATURAL DISASTER
عاصفة ثلجية	snow storm	NATURAL DISASTER
العواصف الثلجية	snow storms	NATURAL DISASTER
الأضرار الناجمة عن العواصف	storm damage	NATURAL DISASTER
الطقس القاسي	severe weather	NATURAL DISASTER
عاصفة قوية	powerful storm	NATURAL DISASTER
الثلوج الإغراق	dumping snow	NATURAL DISASTER
موجة مد و جزر	tidal wave	NATURAL DISASTER
إعصار	tornado	NATURAL DISASTER
عاصفة إستوائية	tropical storm	NATURAL DISASTER
تسونامي	tsunami	NATURAL DISASTER
إعصار	twister	NATURAL DISASTER
الاعصار	typhoon	NATURAL DISASTER
الأعاصير	typhoons	NATURAL DISASTER
عاصفة عنيفة	violent storm	NATURAL DISASTER
بركاني	volcanic	NATURAL DISASTER
بركان	volcano	NATURAL DISASTER
الطقس في حالات الطوارئ	weather emergency	NATURAL DISASTER
حريق هائل	wildfire	NATURAL DISASTER
الرياح المدمرة	destructive wind	NATURAL DISASTER
حافلة	bus	PUBLIC TRANSIT
حافلة صغيرة	minibus	PUBLIC TRANSIT
منهمكين	busing	PUBLIC TRANSIT
قطار	train	PUBLIC TRANSIT
طرق جانبية	subway	PUBLIC TRANSIT
مترو السكك الحديدية	metrorail	PUBLIC TRANSIT
وسائل النقل العامة	public transportation	PUBLIC TRANSIT
النقل العام	public transport	PUBLIC TRANSIT
نقل عام	public transit	PUBLIC TRANSIT
السكك الحديدية الخفيفة	light rail	PUBLIC TRANSIT
دعم مالي	subsidy	SUBSIDIES
دعم	subsidize	SUBSIDIES
احتياطي العملة	currency reserve	CURRENCY RESERVES
أصول العملة	currency assets	CURRENCY RESERVES
احتياطى النقد	exchange reserve	CURRENCY RESERVES
احتياطى النقد الاجنبى	forex reserve	CURRENCY RESERVES
احتياطي الدولار	dollar reserve	CURRENCY RESERVES
احتياطي اليورو	euro reserve	CURRENCY RESERVES
عملة إحتياطية	reserve currency	CURRENCY RESERVES
سعر الصرف	exchange rate	EXCHANGE RATE
سعر صرف العملات	foreign exchange	EXCHANGE RATE
البورصات الأجنبية	foreign exchanges	EXCHANGE RATE
مراقبة العملة	currency control	EXCHANGE RATE
سوق الصرف	exchange market	EXCHANGE RATE
مقابل الدولار	against the dollar	EXCHANGE RATE
مقابل اليورو	against the euro	EXCHANGE RATE
مقابل الين	against the yen	EXCHANGE RATE
الفوركس	forex	EXCHANGE RATE
تقلب أسعار العملات	currency fluctuation	EXCHANGE RATE
معدل التبادل	rate of exchange	EXCHANGE RATE
خلاف تجاري	trade dispute	TRADE DISPUTE
النزاعات التجارية	trade disputes	TRADE DISPUTE
مكافحة الإغراق	antidumping	TRADE DISPUTE
مكافحة الإغراق	anti dumping	TRADE DISPUTE
احتكار	monopoly	MONOPOLY
الاحتكارية	monopolistic	MONOPOLY
الاحتكارات	monopolies	MONOPOLY
مكافحة المنافسة	anti competitive	MONOPOLY
مانعة للمنافسة	anticompetitive	MONOPOLY
السوق السوداء	black market	BLACK MARKET
السوق السوداء	blackmarket	BLACK MARKET
blackmarkets	blackmarkets	BLACK MARKET
سعر الفائدة	interest rate	INTEREST RATES
معدل مرجعي	benchmark rate	INTEREST RATES
معدل الإقراض	lending rate	INTEREST RATES
معدل ا لفائده	prime rate	INTEREST RATES
معدل الرهن العقاري	mortgage rate	INTEREST RATES
معدل بين عشية وضحاها	overnight rate	INTEREST RATES
تكلفة الاقتراض	cost of borrowing	INTEREST RATES
سعر الفائدة بين البنوك	interbank rate	INTEREST RATES
السعر الفوري	spot rate	INTEREST RATES
يبور	libor	INTEREST RATES
mibor	mibor	INTEREST RATES
معدل الفائدة بين البنوك	interbank offered rate	INTEREST RATES
أسعار المساكن	housing prices	HOUSING PRICES
أسعار الإيجارات	rental prices	HOUSING PRICES
سوق الإسكان	housing market	HOUSING PRICES
أسعار المساكن	home prices	HOUSING PRICES
أسعار الشقق	apartment prices	HOUSING PRICES
مبيعات المنازل	home sales	HOUSING PRICES
فقاعة الإسكان	housing bubble	HOUSING PRICES
تحطم الإسكان	housing crash	HOUSING PRICES
سوق العقارات	real estate market	HOUSING PRICES
سوق الإسكان	housing market	HOUSING PRICES
العقارات	real estate	HOUSING PRICES
سوق العقارات	property market	HOUSING PRICES
مبيعات العقارات	property sales	HOUSING PRICES
حق الملكية	property right	PROPERTY RIGHTS
حيازة الأراضي	land tenure	PROPERTY RIGHTS
ملكية الارض	land ownership	PROPERTY RIGHTS
حق الامتلاك	eminent domain	PROPERTY RIGHTS
مصادرة الأراضي	land confiscation	PROPERTY RIGHTS
الأراضي المصادرة	confiscated land	PROPERTY RIGHTS
الاستيلاء على الأراضي	land grab	PROPERTY RIGHTS
فقر	poverty	POVERTY
بلا مأوى	homeless	POVERTY
التشرد	homelessness	POVERTY
فقراء	destitute	POVERTY
فقر مدقع	destitution	POVERTY
أفقر	impoverished	POVERTY
دخل منخفض	low income	POVERTY
عاطل عن العمل	jobless	UNEMPLOYMENT
البطالة	joblessness	UNEMPLOYMENT
بطالة	unemployment	UNEMPLOYMENT
عاطلين عن العمل	unemployed	UNEMPLOYMENT
تقشف	austerity	AUSTERITY
التكيف الهيكلي	structural adjustment	AUSTERITY
مفلس	bankrupt	BANKRUPTCY
إفلاس	bankruptcy	BANKRUPTCY
الإنقاذ	bailout	BANKRUPTCY
عمليات الإنقاذ	bailouts	BANKRUPTCY
تلقيح	vaccination	VACCINATION
لقاح	vaccine	VACCINATION
لقح	vaccinate	VACCINATION
تحصين	immunization	VACCINATION
تحصين	immunize	VACCINATION
التطعيمات	immunizations	VACCINATION
جائحة	pandemic	ID PANDEMIC
التي تنتقل بالاتصال الجنسي	sexually transmitted	SEXTRANS DISEASE
فيروس نقص المناعة البشرية	hiv	SEXTRANS DISEASE
فيروس الإيدز	aids virus	SEXTRANS DISEASE
عدوى الإيدز	aids infection	SEXTRANS DISEASE
مساعدات diesease	aids diesease	SEXTRANS DISEASE
مرض الإيدز من	hivaids	SEXTRANS DISEASE
التهاب المهبل الجرثومي	bacterial vaginosis	SEXTRANS DISEASE
الكلاميديا	chlamydia	SEXTRANS DISEASE
مرض السيلان	gonorrhea	SEXTRANS DISEASE
التهاب الكبد	hepatitis	SEXTRANS DISEASE
الهربس	herpes	SEXTRANS DISEASE
فيروس الورم الحليمي البشري	human papillomavirus	SEXTRANS DISEASE
مرض التهاب الحوض	pelvic inflammatory disease	SEXTRANS DISEASE
مرض الزهري	syphilis	SEXTRANS DISEASE
داء المشعرات	trichomoniasis	SEXTRANS DISEASE
فيروس الورم الحليمي البشري	hpv	SEXTRANS DISEASE
التقزم	achondroplasia	DISEASE
راكدة بومانية	acinetobacter baumannii	DISEASE
التهابات الراكدة	acinetobacter infections	DISEASE
متلازمة نقص المناعة المكتسب	acquired immune deficiency syndrome	DISEASE
داء الشعيات	actinomycosis	DISEASE
اتش	adenovirus	DISEASE
العوامل الممرضة	pathogen	DISEASE
مسببات الأمراض	pathogens	DISEASE
طاعون الخيل	african horse sickness	DISEASE
مرض النوم الافريقي	african sleeping sickness	DISEASE
حمى الخنازير الأفريقية	african swine fever	DISEASE
داء المثقبيات الأفريقي	african trypanosomiasis	DISEASE
تساقط الشعر	alopecia	DISEASE
مرض الزهايمر	alzheimer's	DISEASE
مرض الزهايمر	alzheimers	DISEASE
الحول	amblyopia	DISEASE
داء الأميبات	amebiasis	DISEASE
داء المثقبيات الأمريكي	american trypanosomiasis	DISEASE
الأميبا	amoeba	DISEASE
anaplasmosis	anaplasmosis	DISEASE
فقر دم	anemia	DISEASE
aneurdu	aneurdu	DISEASE
المتشاخسة	anisakis	DISEASE
فقد حاسة الشم	anosmia	DISEASE
انعدام الأذن	anotia	DISEASE
الجمرة الخبيثة	anthrax	DISEASE
المقاومة للمضادات الحيوية	antibiotic resistance	DISEASE
اللاأدائية	apraxia	DISEASE
الفيروسة الرملية	arenavirus	DISEASE
التصبغ بالفضة	argyria	DISEASE
داء الصفر	ascariasis	DISEASE
العقيم التهاب السحايا	aseptic meningitis	DISEASE
الرشاشيات	aspergillosis	DISEASE
فقد القوة	asthenia	DISEASE
الربو	asthma	DISEASE
عدوى النجمي †	astrovirus†infection	DISEASE
تصلب الشرايين	atherosclerosis	DISEASE
كنع	athetosis	DISEASE
الكوليرا الطيور	avian cholera	DISEASE
إنفلونزا الطيور	avian influenza	DISEASE
الليستيريا	listeria	DISEASE
الليستريات	listeriosis	DISEASE
انفلونزا الطيور	avian flu	DISEASE
البابيزيا	babesiosis	DISEASE
السائدة	mers	DISEASE
الزحار العصوي	bacillary dysentery	DISEASE
عصية العدوى الشمعية †	bacillus cereus†infection	DISEASE
بكتيريا	bacteria	DISEASE
بكتيريا	bacterial	DISEASE
التهاب السحايا الجرثومي	bacterial meningitis	DISEASE
الالتهاب الرئوي الجرثومي	bacterial pneumonia	DISEASE
التهاب المهبل الجرثومي	bacterial vaginosis	DISEASE
باكتيرويديز	bacteroides	DISEASE
داء القربيات	balantidiasis	DISEASE
البرتونيلة	bartonella	DISEASE
baylisascaris	baylisascaris	DISEASE
البرى بري	beriberi	DISEASE
لدغة حشرة	insect bite	DISEASE
لدغ الحشرات	insect bites	DISEASE
الموت الاسود	black death	DISEASE
بيصرية سوداء	black piedra	DISEASE
المتبرعمة الكيسية البشرية	blastocystis hominis	DISEASE
فطار برعمي	blastomycosis	DISEASE
الأذن الزرقاء	blue ear	DISEASE
اللسان الأزرق	bluetongue	DISEASE
بوريليا	borrelia	DISEASE
التسمم الوشيقي	botulism	DISEASE
الأبقار ذات الجنب	bovine pleuropneumonia	DISEASE
السل البقري	bovine tb	DISEASE
سرطان الثدي	breast cancer	DISEASE
التهاب شعبي	bronchitis	DISEASE
التهاب الشعب الهوائية / التهاب القصيبات	bronchitis/bronchiolitis	DISEASE
سبحيات	streptococcaceae	DISEASE
الحمى المالطية	brucellosis	DISEASE
مرض جنون البقر	bse	DISEASE
الطاعون الدبلي	bubonic plague	DISEASE
بيركولديريا	burkholderia	DISEASE
بيركولديريا الشرهة	burkholderia cepacia	DISEASE
حصوات	calculi	DISEASE
الفيروسة الكأسية	calicivirus	DISEASE
التسمم الغذائي	campylobacter	DISEASE
عدوى التسمم الغذائي	campylobacter infection	DISEASE
عن هذا المرض	campylobacteriosis	DISEASE
سرطان	cancer	DISEASE
فطيرات في الجلد	candidiasis	DISEASE
حمى الكلاب كلاب	canine distemper	DISEASE
أنفلونزا الكلاب	canine influenza	DISEASE
التسمم بأول أكسيد الكربون	carbon monoxide poisoning	DISEASE
مرض خدش القطة	cat scratch disease	DISEASE
مرض سيلياكس	celiacs disease	DISEASE
النسيج الخلوي	cellulitis	DISEASE
الشلل الدماغي	cerebral palsy	DISEASE
داء شاغاس	chagas disease	DISEASE
البردة	chalazion	DISEASE
قرحة لينة	chancroid	DISEASE
chavia	chavia	DISEASE
ورم زوايا الفك	cherubism	DISEASE
الجدري	chicken pox	DISEASE
الجدري	chickenpox	DISEASE
شيكونغونيا	chikungunya	DISEASE
الكلاميديا	chlamydia	DISEASE
الكلاميديا	chlamydia trachomatis	DISEASE
عدوى متدثرة رئوية †	chlamydophila pneumoniae†infection	DISEASE
كوليرا	cholera	DISEASE
ورم حبلي	chordoma	DISEASE
الرقاص مرض عصبي	chorea	DISEASE
فطار اصطباغي	chromoblastomycosis	DISEASE
متلازمة التعب المزمن	chronic fatigue syndrome	DISEASE
مزمنة / مرض غير معد	chronic/non infectious disease	DISEASE
مرض الهزال المزمن	chronic wasting disease	DISEASE
اضطراب إيقاع الساعة البيولوجية	circadian rhythm sleep disorder	DISEASE
circovirus	circovirus	DISEASE
الليمونية الفرويندية	citrobacter freundii	DISEASE
حمى الخنازير	swine fever	DISEASE
داء متفرعات الخصية	clonorchiasis	DISEASE
المطثية نخر العظام	clostridial myonecrosis	DISEASE
كلوستريديوم العدوى صعب †	clostridium difficile†infection	DISEASE
الكرواني	coccidioidomycosis	DISEASE
التهاب القولون	colitis	DISEASE
حمى القراد كولورادو	colorado tick fever	DISEASE
نزلة برد	common cold	DISEASE
قمي	condyloma	DISEASE
التهاب الملتحمة	conjunctivitis	DISEASE
التاجى	coronavirus	DISEASE
الكورونا	coronaviruses	DISEASE
جدري البقر	cowpox	DISEASE
القماءة	cretinism	DISEASE
creutzfeld يعقوب	creutzfeld jacob	DISEASE
مرض كروتزفيلد جاكوب	creutzfeldt jakob disease	DISEASE
الكونغو القرم النزفية	crimean congo hemorrhagic fever	DISEASE
مرض كرون	crohn's disease	DISEASE
المستخفيات	cryptococcosis	DISEASE
كربتوسبوريديوسس	cryptosporidiosis	DISEASE
الكريبتوسبوريديوم	cryptosporidium	DISEASE
هجرة اليرقات الجلدي	cutaneous larva migrans	DISEASE
cyclospora	cyclospora	DISEASE
cyclosporiasis	cyclosporiasis	DISEASE
داء الكيسات المذنبة	cysticercosis	DISEASE
الفيروس المضخم للخلايا	cytomegalovirus	DISEASE
حمى الضنك	dengue	DISEASE
حمى الضنك	dengue fever	DISEASE
إسهال	diarrhea	DISEASE
dientamoebiasis	dientamoebiasis	DISEASE
الخناق	diphtheria	DISEASE
داء العوساء	diphyllobothriasis	DISEASE
الدونوفانيات	donovanosis	DISEASE
داء التنينات	dracunculiasis	DISEASE
إسهال	dysentery	DISEASE
عدوى الأذن	ear infection	DISEASE
التهاب الدماغ	encephalitis	DISEASE
الايبولا	ebola	DISEASE
الحمى النزفية ايبولا †	ebola†hemorrhagic fever	DISEASE
المشوكات	echinococcosis	DISEASE
بكتريا قولونية	e coli	DISEASE
ه. القولونية	e. coli	DISEASE
بكتريا قولونية	ecoli	DISEASE
ehrlichiosis	ehrlichiosis	DISEASE
داء الفيل	elephantiasis	DISEASE
إنتفاخ الرئة	emphysema	DISEASE
التيفوس الوبائي	endemic typhus	DISEASE
الأمعائية المذرقية	enterobacter cloacae	DISEASE
داء السرميات	enterobiasis	DISEASE
معوي	enterococcus	DISEASE
المعوي	enterovirus	DISEASE
فرط الحمضات	eosinophilia	DISEASE
التيفوس الوبائي	epidemic typhus	DISEASE
مرض النزفية الوبائية	epizootic hemorrhagic disease	DISEASE
ابشتاين بار فيروس كريات الدم البيضاء المعدية	epstein barr virus infectious mononucleosis	DISEASE
فيروس الهربس الخيلي	equine herpes virus	DISEASE
فقر الدم المعدي الخيلي	equine infectious anemia	DISEASE
انفلونزا الخيول	equine influenza	DISEASE
حمامى عدوائية	erythema infectiosum	DISEASE
طفح ظاهر فجائي	exanthem subitum	DISEASE
داء المتورقات	fascioliasis	DISEASE
داء المتوارقات	fasciolopsiasis	DISEASE
مرض تعفن الكبد	fasciolosis	DISEASE
أرق وراثي مميت	fatal familial insomnia	DISEASE
فيروس نقص المناعة القطط	feline immunodeficiency virus	DISEASE
التهاب الصفاق المعدية القطط	feline infectious peritonitis	DISEASE
فيروس اللوكيميا القطط	feline leukemia virus	DISEASE
فيروس قلة الكريات البيض الشاملة القطط	feline panleukopenia virus	DISEASE
حمة	fever	DISEASE
داء الخيطيات	filariasis	DISEASE
أمراض المنقولة عن طريق البراغيث	flea borne disease	DISEASE
أنفلونزا	flu	DISEASE
الأمراض المنقولة بالأغذية	foodborne illness	DISEASE
تسمم غذائي	food poisoning	DISEASE
السم الصلة بالأغذية	food related toxin	DISEASE
قدم و فم	foot and mouth	DISEASE
حمى القلاعية	foot and mouth disease	DISEASE
فطر القدم	foot fungus	DISEASE
مرض فطري	fungal disease	DISEASE
التهاب السحايا الفطرية	fungal meningitis	DISEASE
عدوى † المغزلية	fusobacterium†infection	DISEASE
الغنغرينا	gangrene	DISEASE
الغرغرينا الغازية	gas gangrene	DISEASE
التهاب المعدة والأمعاء	gastroenteritis	DISEASE
الهربس التناسلي	genital herpes	DISEASE
داء التيربيات	geotrichosis	DISEASE
جيرستمان شارع ‰ ussler scheinker متلازمة	gerstmann str‰ussler scheinker syndrome	DISEASE
الجيارديات	giardiasis	DISEASE
الرعام مرض	glanders	DISEASE
الفغمية	gnathostoma	DISEASE
داء الفغميات	gnathostomiasis	DISEASE
الجوثر تضخم الغدة	goitre	DISEASE
مرض السيلان	gonorrhea	DISEASE
الورم الحبيبي الأربي	granuloma inguinale	DISEASE
العقديات	streptococcal	DISEASE
التهاب الحلق	strep throat	DISEASE
غيان بري	guillain barre	DISEASE
الدودة الغينية	guinea worm	DISEASE
مرض اليد و القدم و الفم	hand foot and mouth disease	DISEASE
مرض اليد و القدم و الفم	hand foot and mouth disease	DISEASE
فيروس هانتا	hantavirus	DISEASE
هيليكوباكتر بيلوري العدوى †	helicobacter pylori†infection	DISEASE
الحمى النزفية	hemorrhagic fever	DISEASE
التهاب الكبد	hepatitis	DISEASE
الهربس	herpes	DISEASE
الهربس البسيط	herpes simplex	DISEASE
الحلأ النطاقي	herpes zoster	DISEASE
HFM coxsackiea	hfm coxsackiea	DISEASE
HFM enterovirus71	hfm enterovirus71	DISEASE
ح. النزلية	h. influenzae	DISEASE
كثرة المنسجات	histiocytosis	DISEASE
المنسجات	histoplasmosis	DISEASE
فيروس نقص المناعة البشرية	hiv	DISEASE
فيروس نقص المناعة البشرية / الإيدز	hiv/aids	DISEASE
دودة الإ نسيلوستوما	hookworm	DISEASE
العدوى المرتبطة المستشفى	hospital related infection	DISEASE
فيروس الورم الحليمي البشري	hpv	DISEASE
ح. بيلوري	h. pylori	DISEASE
bocavirus البشري	human bocavirus	DISEASE
ehrlichiosis ewingii البشري	human ewingii ehrlichiosis	DISEASE
anaplasmosis المحببات البشري	human granulocytic anaplasmosis	DISEASE
metapneumovirus البشري	human metapneumovirus	DISEASE
ehrlichiosis الوحيدات البشري	human monocytic ehrlichiosis	DISEASE
فيروس الورم الحليمي البشري	human papillomavirus	DISEASE
نظير الانفلونزا البشرية	human parainfluenza	DISEASE
مرض هنتنغتون	huntington's disease	DISEASE
داء المحرشفات	hymenolepiasis	DISEASE
مد البصر	hypermetropia	DISEASE
مد البصر	hyperopia	DISEASE
فرط نشاط الغدة الدرقية	hyperthyroidism	DISEASE
انخفاض حرارة الجسم	hypothermia	DISEASE
قصور الدرقية	hypothyroid	DISEASE
نقص التوتر	hypotonia	DISEASE
متلازمة ignious	ignious syndrome	DISEASE
الحصف داء جلدي	impetigo	DISEASE
تسمم الدم	blood poisoning	DISEASE
عدوى	infection	DISEASE
العقم	infertility	DISEASE
إنفلونزا	influenza	DISEASE
التهاب المثانة الخلالي	interstitial cystitis	DISEASE
التهاب القزحية	iritis	DISEASE
فقر دم	anemia	DISEASE
متلازمة القولون العصبي	irritable bowel syndrome	DISEASE
داء متماثلات البوائغ	isosporiasis	DISEASE
اليرقان	jaundice	DISEASE
مرض كاواساكي	kawasaki disease	DISEASE
الجدرة	keloids	DISEASE
التهاب القرنية	keratitis	DISEASE
عدوى الكينغيلة الكينغية †	kingella kingae†infection	DISEASE
الكلبسيلة الرئوية	klebsiella pneumoniae	DISEASE
التهاب الحنجره	laryngitis	DISEASE
حمى لاسا	lassa fever	DISEASE
التسمم بالرصاص	lead poisoning	DISEASE
الفيلقيات	legionellosis	DISEASE
"الفيلق """	legionnaires'	DISEASE
مرض المحاربين	legionnaires disease	DISEASE
داء الليشمانيات	leishmaniasis	DISEASE
جذام	leprosy	DISEASE
داء اللولبية النحيفة	leptospirosis	DISEASE
سرطان الدم	leukemia	DISEASE
قمل	lice	DISEASE
الليستريات	listeriosis	DISEASE
حظ الكبد	liver fluke	DISEASE
الكزاز مرض تشنج العضلا ت	lockjaw	DISEASE
داء اللوائيات	loiasis	DISEASE
سرطان الرئة	lung cancer	DISEASE
الذئبة الحمامية	lupus erythematosus	DISEASE
مرض لايم	lyme borreliosis	DISEASE
مرض لايم	lyme disease	DISEASE
داء الفيلاريات اللمفاوي†	lymphatic filariasis†	DISEASE
المشيمي اللمفاوي	lymphocytic choriomeningitis	DISEASE
دبل مناخي	lymphogranuloma venereum	DISEASE
سرطان الغدد الليمفاوية	lymphoma	DISEASE
فيروس ماتشوبو	machupo virus	DISEASE
مرض جنون البقر	mad cow disease	DISEASE
ملاريا	malaria	DISEASE
حمى ماربورغ	marburg fever	DISEASE
حمى ماربورغ النزفية †	marburg†hemorrhagic fever	DISEASE
متلازمة mattticular	mattticular syndrome	DISEASE
الحصبة	measles	DISEASE
سرطان الجلد	melanoma	DISEASE
راعوم	melioidosis	DISEASE
مرض منيير	mÈniËre's disease	DISEASE
التهاب السحايا	meningitis	DISEASE
داء المكورات السحائية	meningococcal disease	DISEASE
سرطان الجلد	skin cancer	DISEASE
داء خلفية المناسل	metagonimiasis	DISEASE
السرطان النقيلي	metastatic cancer	DISEASE
microsporidiosis	microsporidiosis	DISEASE
صداع نصفي	migraine	DISEASE
المليساء المعدية	molluscum contagiosum	DISEASE
داء المبيضات	moniliasis	DISEASE
القرود	monkeypox	DISEASE
عدد كريات الدم البيضاء	mononucleosis	DISEASE
متلازمة موركيو	morquio syndrome	DISEASE
هذه الجرثومة	mrsa	DISEASE
فطار عفني	mucormycosis	DISEASE
المايلوما المتعددة	multiple myeloma	DISEASE
التصلب المتعدد	multiple sclerosis	DISEASE
النكاف	mumps	DISEASE
التيفوس الفأري	murine typhus	DISEASE
موراي ادي التهاب الدماغ	murray valley encephalitis	DISEASE
ضمور العضلات	muscular dystrophy	DISEASE
الوهن العضلي الوبيل	myasthenia gravis	DISEASE
المايستوما	mycetoma	DISEASE
المتفطرات	mycobacteria	DISEASE
المفطورة الرئوية	mycoplasma pneumonia	DISEASE
إلتهاب النخاع الشوكي	myelitis	DISEASE
النغف	myiasis	DISEASE
رمع عضلي	myoclonus	DISEASE
قصر النظر	myopia	DISEASE
الوذمة المخاطية	myxedema	DISEASE
التهاب اللفافة الناخر	necrotizing fasciitis	DISEASE
التهاب الملتحمة الوليدي	neonatal conjunctivitis	DISEASE
ورم	neoplasm	DISEASE
مرض نيوكاسل	newcastle disease	DISEASE
العمى الليلي	night blindness	DISEASE
العمى النهري	river blindness	DISEASE
نيبا / فيروس هيندرا	nipah/hendra virus	DISEASE
داء النوكارديات	nocardiosis	DISEASE
التهاب الإحليل غير السيلاني	non gonococcal urethritis	DISEASE
نوروفيروس	norovirus	DISEASE
بدانة	obesity	DISEASE
بدين	obese	DISEASE
داء هجرة اليرقات العين	ocular larva migrans	DISEASE
داء كلابية الذنب	onchocerciasis	DISEASE
ظفري	onychomycosis	DISEASE
الرمد الوليدي	ophthalmia neonatorum	DISEASE
في العمود الفقري	osteoarthritis	DISEASE
هشاشة العظام	osteoporosis	DISEASE
إلتهاب الأذن	otitis	DISEASE
التهاب الأذن الوسطى	otitis media	DISEASE
التفشي	outbreak	DISEASE
الزنجارية	aeruginosa	DISEASE
روماتيزم متناوب	palindromic rheumatism	DISEASE
الفطار نظير الكرواني	paracoccidioidomycosis	DISEASE
جانبية المناسل	paragonimiasis	DISEASE
جانبية المناسل	paragonimus	DISEASE
تسمم المحار مشلول	paralytic shellfish poisoning	DISEASE
حمى نظيرة التيفية	paratyphoid fever	DISEASE
مرض الشلل الرعاش	parkinson's disease	DISEASE
التهاب الغدة النكفية	parotitis	DISEASE
البارفو	parvovirus	DISEASE
الباستريلا	pasteurellosis	DISEASE
قمال الرأس	pediculosis capitis	DISEASE
قمال الجسم	pediculosis corporis	DISEASE
العانة القمل	pediculosis pubis	DISEASE
مرض التهاب الحوض	pelvic inflammatory disease	DISEASE
أمراض اللثة	periodontal disease	DISEASE
التهاب الصفاق	peritonitis	DISEASE
السعال الديكي	pertussis	DISEASE
بيلة الفينيل كيتون	phenylketonuria	DISEASE
pilia	pilia	DISEASE
الدبوسية	pinworm	DISEASE
النخالية المبرقشة	pityriasis versicolor	DISEASE
طاعون	plague	DISEASE
المكورات الرئوية	pneumococcal	DISEASE
الالتهاب الرئوي	pneumonia	DISEASE
dieoff الأسماك	fish dieoff	DISEASE
dieoff من الأسماك	dieoff of fish	DISEASE
لكي يغلي	boil order	DISEASE
تسمم	poisoning	DISEASE
مسمم	poisoned	DISEASE
حمة	fever	DISEASE
النزفية	hemorrhagic	DISEASE
الأمراض الحيوانية المنشأ	zoonoses	DISEASE
h7n9	h7n9	DISEASE
شلل الأطفال	polio	DISEASE
شلل الأطفال	poliomyelitis	DISEASE
حمى بونتياك	pontiac fever	DISEASE
فيروس الخنازير	porcine circovirus	DISEASE
البورفيريا	porphyria	DISEASE
عدوى † بريفوتيلا	prevotella†infection	DISEASE
التهاب السحايا والدماغ الأميبي الأولي	primary amoebic meningoencephalitis	DISEASE
الشياخ	progeria	DISEASE
اعتلال بيضاء الدماغ متعدد البؤر التقدمية	progressive multifocal leukoencephalopathy	DISEASE
التهاب البروستات	prostatitis	DISEASE
المتقلبة الرائعة	proteus mirabilis	DISEASE
الكائنات الاوليه	protozoa	DISEASE
الببغائية	psittacosis	DISEASE
الانسداد الرئوي	pulmonary embolism	DISEASE
داء الكلب	rabies	DISEASE
طفح جلدي	rash	DISEASE
حمى عضة الجرذ	rat bite fever	DISEASE
الحمى الناكسة	relapsing fever	DISEASE
أمراض الجهاز التنفسي	respiratory illness	DISEASE
فيروس الجهاز التنفسي المخلوي	respiratory syncytial virus	DISEASE
الجهاز التنفسي المخلوي عدوى فيروس †	respiratory syncytial virus†infection	DISEASE
الحمى الروماتيزمية	rheumatic fever	DISEASE
روماتيزم القلب	rheumatic heart	DISEASE
روماتزم	rheumatism	DISEASE
التهاب المفاصل الروماتويدي	rheumatoid arthritis	DISEASE
التهاب البلعوم الأنفي	rhinopharyngitis	DISEASE
بواغ أنفي	rhinosporidiosis	DISEASE
عدوى فيروسات الانف †	rhinovirus†infection	DISEASE
كساح الأطفال	rickets	DISEASE
كساح	rickettsia	DISEASE
وقس ريكتسي	rickettsialpox	DISEASE
عدوى † الريكتسيا	rickettsial†infection	DISEASE
حمى الوادي المتصدع	rift valley fever	DISEASE
القوباء الحلقية مرض جلدي	ringworm	DISEASE
العمى النهري	river blindness	DISEASE
حمى الجبل الصخري المرقطة	rocky mountain spotted fever	DISEASE
الطفح الوردي	roseola	DISEASE
فيروس نهر روس	ross river virus	DISEASE
فيروس الروتا	rotavirus	DISEASE
الحصبة الالمانية	rubella	DISEASE
السالمونيلا	salmonella	DISEASE
السالمونيلا	salmonellosis	DISEASE
sapovirus	sapovirus	DISEASE
السارس	sars	DISEASE
الجرب	scabies	DISEASE
حمى قرمزية	scarlet fever	DISEASE
البلهارسيا	schistosomiasis	DISEASE
انفصام فى الشخصية	schizophrenia	DISEASE
شمالنبرغ	schmallenberg	DISEASE
ألم النسا	sciatica	DISEASE
تصلب الجلد	scleroderma	DISEASE
سكرابي	scrapie	DISEASE
فرك التيفوس	scrub typhus	DISEASE
وضيع	scurvy	DISEASE
تعفن الدم	sepsis	DISEASE
تسمم الدم	septicemia	DISEASE
السراتية الذابلة	serratia marcescens	DISEASE
مرض الالتهاب الرئوى الحاد	severe acute respiratory syndrome	DISEASE
العدوى المنقولة جنسيا	sexually transmitted infection	DISEASE
الأمراض المنقولة جنسيا	sexually transmitted infections	DISEASE
الأمراض المنقولة جنسيا	sexually transmitted disease	DISEASE
الأمراض المنقولة جنسيا	sexually transmitted diseases	DISEASE
جدري الأغنام	sheep pox	DISEASE
جدري الماعز	goat pox	DISEASE
جدري	pox	DISEASE
العصبوي	shigellosis	DISEASE
الحزام الناري	shingles	DISEASE
فقر الدم المنجلي	sickle cell anemia	DISEASE
حداد	siderosis	DISEASE
متلازمة موت الرضع المفاجئ	sudden infant death syndrome	DISEASE
السحار	silicosis	DISEASE
جدري	smallpox	DISEASE
الجدري ذات الصلة	smallpox related	DISEASE
جنوب فطار برعمي أمريكي	south american blastomycosis	DISEASE
الصدأ فول الصويا	soybean rust	DISEASE
داء الشعريات المبوغة	sporotrichosis	DISEASE
العنقوديات	staph	DISEASE
التسمم الغذائي المكورات العنقودية	staphylococcal food poisoning	DISEASE
عدوى المكورات العنقودية	staphylococcal infection	DISEASE
stenotrophomonas المالتوزية	stenotrophomonas maltophilia	DISEASE
متلازمة ستيفنز جونسون	stevens johnson syndrome	DISEASE
انفلونزا المعدة	stomach flu	DISEASE
قرحة المعدة	stomach ulcers	DISEASE
قرحة	ulcer	DISEASE
قرحة المعدة	ulcers	DISEASE
الحول	strabismus	DISEASE
بكتيريا	strep	DISEASE
التهاب الحلق	strep throat	DISEASE
التهابات العقديات	streptococcal infection	DISEASE
الأسطوانيات	strongyloidiasis	DISEASE
انفلونزا الخنازير H1N1	swine flu h1n1	DISEASE
H3N2 انفلونزا الخنازير	swine flu h3n2	DISEASE
انفلونزا الخنازير	swine flu	DISEASE
إنفلونزا الخنازير	swine influenza	DISEASE
الزليل	synovitis	DISEASE
مرض الزهري	syphilis	DISEASE
الشريطيات	taeniasis	DISEASE
مرض تاي ساكس	tay sachs disease	DISEASE
مسخي	teratoma	DISEASE
الكزاز	tetanus	DISEASE
الثلاسيميا	thalassaemia	DISEASE
مرض القلاع	thrush	DISEASE
التوتة	thymoma	DISEASE
وضع علامة مرض المنقولة	tick borne illness	DISEASE
الأمراض المنتقلة عن طريق القراد	tick borne disease	DISEASE
إلتهاب الدماغ المعدي	tick borne encephalitis	DISEASE
سعفة اللحية	tinea barbae	DISEASE
سعفة بلانكا	tinea blanca	DISEASE
سعفة الرأس	tinea capitis	DISEASE
سعفة	tinea corporis	DISEASE
سعفة ساق	tinea cruris	DISEASE
سعفة manuum	tinea manuum	DISEASE
سعفة السوداء	tinea nigra	DISEASE
سعفة القدم	tinea pedis	DISEASE
سعفة الظفر	tinea unguium	DISEASE
النخالية المبرقشة	tinea versicolor	DISEASE
طنين الأذن	tinnitus	DISEASE
إلتهاب اللوزتين	tonsillitis	DISEASE
تسوس الأسنان	tooth decay	DISEASE
تسوس الأسنان	dental decay	DISEASE
متلازمة الصدمة السامة	toxic shock syndrome	DISEASE
داء السهميات	toxocariasis	DISEASE
داء السهميات †	toxocariasis†	DISEASE
داء المقوسات	toxoplasmosis	DISEASE
التراخوما	trachoma	DISEASE
الخيطيات	trichinellosis	DISEASE
مرض دودة الخنزير	trichinosis	DISEASE
داء المشعرات	trichomoniasis	DISEASE
داء المسلكات	trichuriasis	DISEASE
التثلث الصبغي	trisomy	DISEASE
داء المثقبيات	trypanosomiasis	DISEASE
مرض السل	tuberculosis	DISEASE
داء التلريات	tularemia	DISEASE
ورم	tumor	DISEASE
داء الطوامر	tungiasis	DISEASE
حمى التيفوئيد	typhoid	DISEASE
حمى التيفود	typhoid fever	DISEASE
التفوئيد	typhus	DISEASE
التهاب القولون التقرحي	ulcerative colitis	DISEASE
لم يتم تشخيصها	undiagnosed	DISEASE
عسر القراءة	dyslexia	DISEASE
عيب في القلب	heart defect	DISEASE
ورم	tumour	DISEASE
تبولن الدم	uremia	DISEASE
الشرى	urticaria	DISEASE
التهاب القزحية	uveitis	DISEASE
مضاعفات لقاح	vaccine complication	DISEASE
حمى الوادي	valley fever	DISEASE
المكورات المعوية المقاومة للفانكومايسين	vancomycin resistant enterococci	DISEASE
الحماق	varicella	DISEASE
جدري	variola	DISEASE
إغماء وعائي مبهمي	vasovagal syncope	DISEASE
التهاب الدماغ الخيلي الفنزويلي	venezuelan equine encephalitis	DISEASE
الحمى النزفية الفنزويلية	venezuelan hemorrhagic fever	DISEASE
التهاب الفم الحويصلي	vesicular stomatitis	DISEASE
فيبرايو بارايموليتيكوس	vibrio parahaemolyticus	DISEASE
الضمة vulnificus	vibrio vulnificus	DISEASE
حمى فيروسية	viral fever	DISEASE
التهاب السحايا الفيروسي	viral meningitis	DISEASE
الالتهاب الرئوي الفيروسي	viral pneumonia	DISEASE
داء هجرة اليرقات الحشوي	visceral larva migrans	DISEASE
فون هيبل لينداو المرض	von hippel lindau disease	DISEASE
متلازمة warkany	warkany syndrome	DISEASE
المرض التي تنقلها المياه	waterborne illness	DISEASE
الأمراض التي تحملها المياه	waterborne disease	DISEASE
التهاب الدماغ الخيلي الغربي	western equine encephalitis	DISEASE
التهاب الدماغ الخيلي الشرقي	eastern equine encephalitis	DISEASE
حمى غرب النيل	west nile fever	DISEASE
فيروس غرب النيل	west nile virus	DISEASE
السوطاء	whipworm	DISEASE
متلازمة الأنف الأبيض	white nose syndrome	DISEASE
بيدرا الأبيض	white piedra	DISEASE
مرض هوايتمور	whitmore's disease	DISEASE
السعال الديكي	whooping cough	DISEASE
حمى صفراء	yellow fever	DISEASE
يرسينيا العدوى الكاذبة †	yersinia pseudotuberculosis†infection	DISEASE
يرسينات	yersiniosis	DISEASE
فطار عفني	zygomycosis	DISEASE
الجهاد	jihad	ID JIHAD
الجهادي	jihadi	ID JIHAD
الجهادية	jihadist	ID JIHAD
حرب مقدسة	holy war	ID JIHAD
